station/location,date,daytemp,rain_in_mm,sunshine_in_minutes,airpress
LUZ,2021-01-01,1.7,0.6,0,953.9
LUZ,2021-01-02,1.5,0.0,0,955
LUZ,2021-01-03,0.5,0.0,0,956.2
LUZ,2021-01-04,0.1,0.0,0,956.3
LUZ,2021-01-05,-0.2,0.0,0,956.9
LUZ,2021-01-06,-0.3,0.6,0,959.2
LUZ,2021-01-07,0.3,0.1,284,961
LUZ,2021-01-08,-0.1,0.0,280,962.5
LUZ,2021-01-09,-2.4,0.0,214,964.5
LUZ,2021-01-10,-1.7,0.0,76,965.8
LUZ,2021-01-11,-2.7,0.0,218,967.7
LUZ,2021-01-12,-0.4,4.4,0,964.7
LUZ,2021-01-13,3.3,10.5,0,965.4
LUZ,2021-01-14,3.1,28.9,0,962.6
LUZ,2021-01-15,-1.0,8.4,0,966.4
LUZ,2021-01-16,-3.4,0.8,0,971.1
LUZ,2021-01-17,0.5,6.0,0,966.6
LUZ,2021-01-18,0.8,0.0,0,972.8
LUZ,2021-01-19,-1.4,0.0,293,966.8
LUZ,2021-01-20,-0.2,0.0,106,956.7
LUZ,2021-01-21,3.7,0.0,73,950.6
LUZ,2021-01-22,5.8,5.2,221,943.3
LUZ,2021-01-23,2.6,1.1,72,945.8
LUZ,2021-01-24,1.6,3.4,405,948.7
LUZ,2021-01-25,0.7,2.5,61,953.1
LUZ,2021-01-26,0.3,0.0,100,967.5
LUZ,2021-01-27,-0.8,18.8,0,964.3
LUZ,2021-01-28,5.8,6.9,3,957.9
LUZ,2021-01-29,8.2,8.3,116,953.4
LUZ,2021-01-30,5.3,11.0,0,948.9
LUZ,2021-01-31,5.7,1.4,17,945.9
LUZ,2021-02-01,5.8,5.0,0,945.1
LUZ,2021-02-02,6.8,1.0,0,955
LUZ,2021-02-03,8.5,15.9,7,954.9
LUZ,2021-02-04,6.1,0.0,68,961.4
LUZ,2021-02-05,6.1,0.0,288,959.2
LUZ,2021-02-06,5.1,0.0,0,951.7
LUZ,2021-02-07,4.3,5.2,0,944.9
LUZ,2021-02-08,2.9,1.3,338,943.5
LUZ,2021-02-09,0.7,2.0,0,947.5
LUZ,2021-02-10,0.3,11.6,0,950.9
LUZ,2021-02-11,-5.5,0.2,0,968.6
LUZ,2021-02-12,-6.0,0.0,0,969.9
LUZ,2021-02-13,-6.3,0.0,0,975.8
LUZ,2021-02-14,-5.6,0.0,298,980.9
LUZ,2021-02-15,-1.2,1.2,47,978
LUZ,2021-02-16,4.0,6.2,224,969.1
LUZ,2021-02-17,5.9,0.0,316,968.5
LUZ,2021-02-18,4.0,0.0,292,964.3
LUZ,2021-02-19,6.9,0.0,376,965.9
LUZ,2021-02-20,6.0,0.0,559,965.7
LUZ,2021-02-21,5.8,0.0,567,964.7
LUZ,2021-02-22,5.8,0.0,286,970.1
LUZ,2021-02-23,7.1,0.0,501,980.7
LUZ,2021-02-24,8.0,0.0,516,980.1
LUZ,2021-02-25,7.9,0.0,576,976.8
LUZ,2021-02-26,9.2,0.0,344,976.1
LUZ,2021-02-27,6.0,0.0,0,977.6
LUZ,2021-02-28,3.1,0.0,66,976.9
LUZ,2021-03-01,2.6,0.0,318,976
LUZ,2021-03-02,4.9,0.0,599,977.2
LUZ,2021-03-03,5.0,0.0,0,975.9
LUZ,2021-03-04,7.9,6.4,94,967.6
LUZ,2021-03-05,4.9,4.3,0,968
LUZ,2021-03-06,2.5,0.0,0,972.5
LUZ,2021-03-07,4.0,3.3,90,968.1
LUZ,2021-03-08,5.6,0.0,144,964.3
LUZ,2021-03-09,3.3,0.0,88,963.9
LUZ,2021-03-10,5.9,0.0,563,965.6
LUZ,2021-03-11,10.4,7.3,122,958.9
LUZ,2021-03-12,8.3,0.0,401,961.8
LUZ,2021-03-13,8.7,13.6,425,956.8
LUZ,2021-03-14,4.1,6.4,76,961.6
LUZ,2021-03-15,3.4,8.3,17,963
LUZ,2021-03-16,3.3,5.0,4,970.1
LUZ,2021-03-17,1.7,9.6,11,968.1
LUZ,2021-03-18,1.5,0.0,209,967
LUZ,2021-03-19,1.7,0.8,518,963.7
LUZ,2021-03-20,0.8,0.0,175,969.9
LUZ,2021-03-21,2.0,0.3,38,967.8
LUZ,2021-03-22,3.4,0.0,7,968.1
LUZ,2021-03-23,3.9,0.0,551,970.9
LUZ,2021-03-24,6.3,0.0,689,970.4
LUZ,2021-03-25,8.5,0.0,593,968.6
LUZ,2021-03-26,9.8,3.2,573,966.8
LUZ,2021-03-27,8.7,0.9,261,972.7
LUZ,2021-03-28,7.9,0.0,698,977.2
LUZ,2021-03-29,10.6,0.0,700,978.7
LUZ,2021-03-30,11.8,0.0,707,976.5
LUZ,2021-03-31,13.6,0.0,699,970.9
LUZ,2021-04-01,14.6,0.0,700,966.4
LUZ,2021-04-02,13.4,0.0,465,963.9
LUZ,2021-04-03,6.9,0.0,2,967.1
LUZ,2021-04-04,6.9,0.0,722,966.3
LUZ,2021-04-05,7.8,16.0,388,959.1
LUZ,2021-04-06,0.1,1.8,318,961.3
LUZ,2021-04-07,1.7,0.0,186,967.5
LUZ,2021-04-08,4.3,0.0,730,970.4
LUZ,2021-04-09,8.7,0.0,618,964.8
LUZ,2021-04-10,11.0,0.0,341,961.3
LUZ,2021-04-11,11.8,24.8,375,958.5
LUZ,2021-04-12,3.2,4.9,0,971.4
LUZ,2021-04-13,3.2,0.0,290,974.2
LUZ,2021-04-14,3.9,0.0,339,971.2
LUZ,2021-04-15,4.0,0.0,58,969.4
LUZ,2021-04-16,4.6,0.0,137,966.9
LUZ,2021-04-17,5.3,0.0,147,965.8
LUZ,2021-04-18,6.4,0.2,51,965.5
LUZ,2021-04-19,8.0,0.0,392,964.9
LUZ,2021-04-20,9.3,0.0,708,962.3
LUZ,2021-04-21,10.6,0.0,487,962.5
LUZ,2021-04-22,11.2,0.0,486,966.5
LUZ,2021-04-23,11.4,0.0,769,969.8
LUZ,2021-04-24,13.0,0.0,714,967.5
LUZ,2021-04-25,14.0,0.0,687,964.8
LUZ,2021-04-26,12.1,0.0,579,959
LUZ,2021-04-27,12.3,0.0,580,952.7
LUZ,2021-04-28,13.5,5.7,151,951.8
LUZ,2021-04-29,10.8,5.7,0,955.6
LUZ,2021-04-30,9.4,7.4,173,957.8
LUZ,2021-05-01,6.9,23.4,0,957.9
LUZ,2021-05-02,6.5,6.2,139,965.1
LUZ,2021-05-03,8.5,0.0,718,967.3
LUZ,2021-05-04,12.2,4.0,343,958.2
LUZ,2021-05-05,9.5,7.6,110,958.1
LUZ,2021-05-06,9.2,12.0,4,957.7
LUZ,2021-05-07,8.7,7.8,81,962.8
LUZ,2021-05-08,11.7,0.0,768,963.8
LUZ,2021-05-09,17.9,0.0,812,957.2
LUZ,2021-05-10,17.3,0.0,223,956
LUZ,2021-05-11,11.7,8.8,38,957.4
LUZ,2021-05-12,10.3,0.2,141,959.8
LUZ,2021-05-13,9.3,5.8,40,957
LUZ,2021-05-14,10.3,0.0,407,957.6
LUZ,2021-05-15,9.5,17.5,69,957.1
LUZ,2021-05-16,9.5,21.5,3,955
LUZ,2021-05-17,12.0,0.5,409,959.1
LUZ,2021-05-18,11.4,12.4,187,963.1
LUZ,2021-05-19,7.9,12.8,136,967
LUZ,2021-05-20,10.7,0.1,362,968.4
LUZ,2021-05-21,10.0,21.6,0,961.3
LUZ,2021-05-22,12.0,7.0,493,959.6
LUZ,2021-05-23,11.8,0.0,473,964.8
LUZ,2021-05-24,11.7,1.6,4,961.5
LUZ,2021-05-25,11.9,0.0,468,967.6
LUZ,2021-05-26,12.7,1.2,116,964.3
LUZ,2021-05-27,10.4,3.2,50,967.5
LUZ,2021-05-28,14.1,0.0,867,967.1
LUZ,2021-05-29,14.6,0.0,266,968.1
LUZ,2021-05-30,14.8,0.0,869,968
LUZ,2021-05-31,15.3,0.0,825,965.4
LUZ,2021-06-01,17.6,0.0,869,962.3
LUZ,2021-06-02,17.1,3.6,326,964.4
LUZ,2021-06-03,19.5,0.0,333,968.6
LUZ,2021-06-04,18.9,10.0,273,969.2
LUZ,2021-06-05,15.3,7.4,78,969.8
LUZ,2021-06-06,16.1,5.3,46,968.3
LUZ,2021-06-07,15.7,30.9,2,967.4
LUZ,2021-06-08,16.8,3.0,56,967.8
LUZ,2021-06-09,17.1,0.2,136,968.4
LUZ,2021-06-10,18.8,0.0,744,967.7
LUZ,2021-06-11,20.0,0.0,847,966.8
LUZ,2021-06-12,21.5,0.0,667,968.5
LUZ,2021-06-13,21.1,0.0,483,970.5
LUZ,2021-06-14,20.4,0.0,887,967
LUZ,2021-06-15,22.3,0.0,883,965.4
LUZ,2021-06-16,23.7,0.0,814,962.3
LUZ,2021-06-17,24.9,0.0,823,961.4
LUZ,2021-06-18,24.2,8.6,568,962.5
LUZ,2021-06-19,24.2,0.3,603,961.9
LUZ,2021-06-20,21.8,0.7,226,958.1
LUZ,2021-06-21,19.7,11.2,400,957.6
LUZ,2021-06-22,17.5,4.0,140,961.1
LUZ,2021-06-23,18.5,2.5,204,964.5
LUZ,2021-06-24,15.9,26.0,179,966.3
LUZ,2021-06-25,15.7,1.8,48,967.3
LUZ,2021-06-26,18.9,0.0,600,964.7
LUZ,2021-06-27,21.0,4.8,540,962.4
LUZ,2021-06-28,20.5,15.4,510,962.6
LUZ,2021-06-29,16.2,19.6,185,961.8
LUZ,2021-06-30,15.8,17.8,291,963.4
LUZ,2021-07-01,16.0,0.0,57,965.2
LUZ,2021-07-02,18.3,0.0,525,965.7
LUZ,2021-07-03,17.6,12.2,208,964.1
LUZ,2021-07-04,16.8,3.9,54,961.2
LUZ,2021-07-05,18.0,0.0,297,960.7
LUZ,2021-07-06,18.2,21.2,377,960.1
LUZ,2021-07-07,16.4,11.8,0,965.1
LUZ,2021-07-08,15.5,35.6,24,967.7
LUZ,2021-07-09,16.8,0.0,401,969.4
LUZ,2021-07-10,18.5,9.4,770,964.8
LUZ,2021-07-11,17.7,0.0,458,964.3
LUZ,2021-07-12,20.0,14.9,522,958.2
LUZ,2021-07-13,13.0,48.9,0,959.9
LUZ,2021-07-14,14.9,22.7,202,961.5
LUZ,2021-07-15,15.4,9.2,7,962.4
LUZ,2021-07-16,16.9,2.7,200,966.3
LUZ,2021-07-17,17.9,8.7,115,968.3
LUZ,2021-07-18,19.9,0.0,187,966.4
LUZ,2021-07-19,20.9,0.0,809,964.7
LUZ,2021-07-20,20.9,0.0,774,965.4
LUZ,2021-07-21,21.0,0.0,821,967.4
LUZ,2021-07-22,21.4,0.0,670,966.6
LUZ,2021-07-23,22.2,0.0,709,962.2
LUZ,2021-07-24,20.9,15.7,176,958.9
LUZ,2021-07-25,18.3,27.3,42,959.3
LUZ,2021-07-26,17.9,8.9,159,961.8
LUZ,2021-07-27,18.9,4.2,298,962.5
LUZ,2021-07-28,18.0,2.8,87,963.4
LUZ,2021-07-29,20.0,0.0,562,962.9
LUZ,2021-07-30,19.7,22.4,435,960.3
LUZ,2021-07-31,17.9,37.0,83,959.7
LUZ,2021-08-01,14.1,10.7,3,960.6
LUZ,2021-08-02,15.2,0.0,304,963.9
LUZ,2021-08-03,15.5,4.5,220,963.2
LUZ,2021-08-04,14.5,8.5,0,961.5
LUZ,2021-08-05,16.6,2.1,212,959.3
LUZ,2021-08-06,18.5,0.0,335,957.4
LUZ,2021-08-07,16.0,23.8,76,956.7
LUZ,2021-08-08,15.7,0.0,27,963.5
LUZ,2021-08-09,17.1,0.0,442,967.1
LUZ,2021-08-10,19.5,0.0,770,966.5
LUZ,2021-08-11,21.4,0.0,652,967.1
LUZ,2021-08-12,22.8,0.0,706,967.6
LUZ,2021-08-13,23.4,0.0,649,970.5
LUZ,2021-08-14,24.3,0.0,762,968
LUZ,2021-08-15,24.4,13.6,522,963
LUZ,2021-08-16,18.2,32.9,58,964
LUZ,2021-08-17,16.5,0.1,145,967.6
LUZ,2021-08-18,17.7,0.0,315,966.3
LUZ,2021-08-19,18.1,0.0,10,964.3
LUZ,2021-08-20,19.6,0.0,649,964.7
LUZ,2021-08-21,20.9,3.0,725,965.7
LUZ,2021-08-22,17.9,21.8,59,967.6
LUZ,2021-08-23,17.3,0.2,264,968.4
LUZ,2021-08-24,15.9,0.0,14,967.5
LUZ,2021-08-25,15.6,0.0,0,965.5
LUZ,2021-08-26,16.7,0.0,307,962.1
LUZ,2021-08-27,16.4,0.0,268,963.3
LUZ,2021-08-28,14.4,4.5,174,965
LUZ,2021-08-29,13.6,5.9,2,965
LUZ,2021-08-30,14.8,9.7,142,964.9
LUZ,2021-08-31,15.6,0.0,71,968.3
LUZ,2021-09-01,15.8,0.0,501,970.6
LUZ,2021-09-02,16.4,0.0,731,969.7
LUZ,2021-09-03,17.8,0.0,712,966.3
LUZ,2021-09-04,18.1,0.0,653,964.1
LUZ,2021-09-05,18.6,0.0,705,966.7
LUZ,2021-09-06,18.7,0.0,716,969.6
LUZ,2021-09-07,18.2,0.0,608,968.9
LUZ,2021-09-08,19.1,0.1,711,963.6
LUZ,2021-09-09,18.3,0.2,19,963.4
LUZ,2021-09-10,17.2,6.2,12,965
LUZ,2021-09-11,17.7,1.2,384,966.6
LUZ,2021-09-12,17.0,0.0,195,965.4
LUZ,2021-09-13,18.5,0.0,564,964.5
LUZ,2021-09-14,19.7,0.0,451,963.5
LUZ,2021-09-15,19.3,0.6,80,962.8
LUZ,2021-09-16,17.6,30.2,90,963.9
LUZ,2021-09-17,16.2,0.0,181,962.9
LUZ,2021-09-18,15.1,1.9,377,962.1
LUZ,2021-09-19,11.7,20.0,0,962.5
LUZ,2021-09-20,13.0,1.3,1,966.2
LUZ,2021-09-21,14.2,0.0,198,972.5
LUZ,2021-09-22,12.5,0.0,28,972.7
LUZ,2021-09-23,14.0,0.0,523,968.9
LUZ,2021-09-24,15.5,0.0,666,966.7
LUZ,2021-09-25,16.7,2.3,463,965.4
LUZ,2021-09-26,16.0,0.0,52,966.3
LUZ,2021-09-27,16.7,0.0,462,967.1
LUZ,2021-09-28,14.8,1.3,2,968.8
LUZ,2021-09-29,14.7,4.7,278,970.2
LUZ,2021-09-30,11.6,0.0,560,973.7
LUZ,2021-10-01,12.6,0.3,570,967.7
LUZ,2021-10-02,15.8,0.0,453,961.2
LUZ,2021-10-03,15.6,2.3,179,957.4
LUZ,2021-10-04,11.8,7.8,0,964.7
LUZ,2021-10-05,12.2,4.2,36,960.7
LUZ,2021-10-06,9.6,5.3,75,969.1
LUZ,2021-10-07,10.2,0.0,118,971.8
LUZ,2021-10-08,10.9,0.0,85,970.5
LUZ,2021-10-09,9.9,0.0,0,970.6
LUZ,2021-10-10,8.2,0.0,257,971.7
LUZ,2021-10-11,7.1,0.0,518,972
LUZ,2021-10-12,8.1,14.0,2,968.3
LUZ,2021-10-13,7.4,2.8,99,970.8
LUZ,2021-10-14,6.4,0.0,525,972.2
LUZ,2021-10-15,8.1,0.0,457,966.7
LUZ,2021-10-16,8.1,0.0,328,966.8
LUZ,2021-10-17,7.9,0.0,488,967.7
LUZ,2021-10-18,9.4,0.0,523,971.4
LUZ,2021-10-19,10.3,0.0,73,972.1
LUZ,2021-10-20,11.2,7.2,362,963.3
LUZ,2021-10-21,13.1,0.5,356,960.3
LUZ,2021-10-22,8.0,1.1,7,968
LUZ,2021-10-23,7.0,0.0,505,972.9
LUZ,2021-10-24,6.4,0.0,505,971.7
LUZ,2021-10-25,8.1,0.7,408,968.9
LUZ,2021-10-26,9.4,0.0,116,971.4
LUZ,2021-10-27,7.2,0.0,0,971.6
LUZ,2021-10-28,6.8,0.0,310,967.2
LUZ,2021-10-29,6.3,0.0,307,961.2
LUZ,2021-10-30,6.7,0.3,0,956.8
LUZ,2021-10-31,10.4,0.4,451,956
LUZ,2021-11-01,8.8,8.5,0,953.3
LUZ,2021-11-02,6.5,2.8,217,951.6
LUZ,2021-11-03,5.9,3.0,99,948.7
LUZ,2021-11-04,6.1,0.0,164,957.1
LUZ,2021-11-05,5.8,0.0,200,969.3
LUZ,2021-11-06,3.6,0.0,293,974.4
LUZ,2021-11-07,3.9,2.0,485,969.6
LUZ,2021-11-08,6.3,0.2,4,968.2
LUZ,2021-11-09,4.3,0.0,0,970.6
LUZ,2021-11-10,3.5,0.0,0,970.2
LUZ,2021-11-11,4.4,0.0,266,969.6
LUZ,2021-11-12,4.8,0.0,0,965.9
LUZ,2021-11-13,6.0,5.9,0,964.1
LUZ,2021-11-14,7.5,0.8,0,963.5
LUZ,2021-11-15,6.2,0.0,0,966.3
LUZ,2021-11-16,5.9,0.3,0,967.6
LUZ,2021-11-17,4.6,0.4,0,970.4
LUZ,2021-11-18,5.5,0.0,122,976.6
LUZ,2021-11-19,4.6,0.0,52,977.6
LUZ,2021-11-20,3.6,0.0,0,971.5
LUZ,2021-11-21,2.8,0.9,277,960.2
LUZ,2021-11-22,4.4,0.7,0,963.6
LUZ,2021-11-23,4.1,0.0,0,969.9
LUZ,2021-11-24,3.3,0.0,0,965.1
LUZ,2021-11-25,2.2,1.4,0,956
LUZ,2021-11-26,0.8,1.1,0,948.5
LUZ,2021-11-27,1.6,1.6,34,941.2
LUZ,2021-11-28,1.6,2.5,12,944.5
LUZ,2021-11-29,0.9,1.1,19,956.9
LUZ,2021-11-30,1.3,0.7,0,966.4
LUZ,2021-12-01,4.3,3.5,129,954.2
LUZ,2021-12-02,2.8,10.0,5,951.9
LUZ,2021-12-03,0.2,3.7,337,961
LUZ,2021-12-04,3.3,10.1,0,951.7
LUZ,2021-12-05,2.2,3.8,81,952.9
LUZ,2021-12-06,0.9,0.0,0,960.3
LUZ,2021-12-07,2.4,4.2,360,958.2
LUZ,2021-12-08,0.7,30.2,0,949.5
LUZ,2021-12-09,0.8,0.0,50,954.8
LUZ,2021-12-10,0.5,3.2,0,947.1
LUZ,2021-12-11,3.2,0.3,1,964
LUZ,2021-12-12,1.1,0.0,107,974.5
LUZ,2021-12-13,1.4,0.0,374,974.9
LUZ,2021-12-14,1.3,0.0,0,975.5
LUZ,2021-12-15,1.1,0.0,0,977.8
LUZ,2021-12-16,1.7,0.0,0,981.4
LUZ,2021-12-17,2.1,0.0,0,981.8
LUZ,2021-12-18,1.7,0.0,30,979.9
LUZ,2021-12-19,0.6,0.0,0,975.2
LUZ,2021-12-20,-0.2,0.0,0,970.3
LUZ,2021-12-21,0.0,0.0,0,968.6
LUZ,2021-12-22,-1.2,0.0,0,969.8
LUZ,2021-12-23,0.1,0.0,247,965
LUZ,2021-12-24,3.1,0.7,1,957.7
LUZ,2021-12-25,4.4,6.9,2,953.4
LUZ,2021-12-26,5.7,6.2,23,954.1
LUZ,2021-12-27,4.1,1.5,34,952.3
LUZ,2021-12-28,6.7,3.8,3,952.2
LUZ,2021-12-29,7.2,16.9,0,960.9
LUZ,2021-12-30,9.5,0.1,148,970.2
LUZ,2021-12-31,5.4,0.0,390,972.7
LUZ,2022-01-01,3.6,0.0,386,974.1
LUZ,2022-01-02,4.9,0.0,144,969.7
LUZ,2022-01-03,9.6,0.5,8,965.4
LUZ,2022-01-04,9.0,18.7,63,950.3
LUZ,2022-01-05,1.3,5.3,19,958.2
LUZ,2022-01-06,0.7,0.0,0,965.9
LUZ,2022-01-07,-0.2,0.9,95,965.8
LUZ,2022-01-08,2.7,1.6,10,959.1
LUZ,2022-01-09,3.3,5.8,68,953.1
LUZ,2022-01-10,1.6,0.1,4,965.5
LUZ,2022-01-11,1.5,0.0,225,975.2
LUZ,2022-01-12,-0.8,0.0,180,981.4
LUZ,2022-01-13,-2.4,0.0,0,983.8
LUZ,2022-01-14,-1.9,0.0,318,980.5
LUZ,2022-01-15,-1.3,0.0,0,973.3
LUZ,2022-01-16,-1.4,0.0,32,975.1
LUZ,2022-01-17,2.5,0.0,323,980.8
LUZ,2022-01-18,1.7,0.0,135,979.9
LUZ,2022-01-19,0.9,0.1,223,974.7
LUZ,2022-01-20,1.8,0.7,0,973.9
LUZ,2022-01-21,-0.1,0.0,153,978.1
LUZ,2022-01-22,-0.6,0.0,143,979.6
LUZ,2022-01-23,-0.7,0.0,372,978.5
LUZ,2022-01-24,0.7,0.0,0,978.2
LUZ,2022-01-25,-0.6,0.0,175,978.8
LUZ,2022-01-26,-1.4,0.0,165,977.7
LUZ,2022-01-27,-1.1,3.3,313,976.3
LUZ,2022-01-28,2.1,0.0,275,980.8
LUZ,2022-01-29,2.7,0.0,288,978.5
LUZ,2022-01-30,5.6,0.0,27,974.7
LUZ,2022-01-31,3.4,2.7,18,964.5
LUZ,2022-02-01,3.1,1.3,0,969.3
LUZ,2022-02-02,6.8,1.9,0,969
LUZ,2022-02-03,4.9,0.0,60,966.5
LUZ,2022-02-04,4.1,5.5,154,964.6
LUZ,2022-02-05,3.1,0.1,320,971.1
LUZ,2022-02-06,3.9,6.3,191,966.5
LUZ,2022-02-07,4.3,0.0,467,971.6
LUZ,2022-02-08,2.2,0.0,484,979.4
LUZ,2022-02-09,2.5,0.0,519,975.6
LUZ,2022-02-10,5.5,12.0,523,971.1
LUZ,2022-02-11,3.3,7.7,254,975.4
LUZ,2022-02-12,-0.1,0.0,512,974
LUZ,2022-02-13,2.2,0.0,538,965.7
LUZ,2022-02-14,4.2,2.7,146,957.3
LUZ,2022-02-15,3.8,2.9,14,963.2
LUZ,2022-02-16,3.6,2.4,0,961.1
LUZ,2022-02-17,13.0,0.0,213,961.7
LUZ,2022-02-18,9.4,15.8,150,959.8
LUZ,2022-02-19,5.7,0.0,137,966.8
LUZ,2022-02-20,7.0,0.1,330,966.7
LUZ,2022-02-21,6.8,4.1,119,960.5
LUZ,2022-02-22,7.1,0.4,153,970.9
LUZ,2022-02-23,7.3,0.0,317,971.9
LUZ,2022-02-24,7.0,7.7,295,965.7
LUZ,2022-02-25,3.4,2.0,217,973
LUZ,2022-02-26,2.6,0.0,171,976.1
LUZ,2022-02-27,0.7,0.0,432,973.5
LUZ,2022-02-28,1.8,0.0,589,974.8
LUZ,2022-03-01,1.9,0.0,568,972.7
LUZ,2022-03-02,4.1,0.0,445,968
LUZ,2022-03-03,5.7,0.0,598,962.7
LUZ,2022-03-04,3.7,0.0,607,962.9
LUZ,2022-03-05,1.8,0.0,612,963.6
LUZ,2022-03-06,1.1,0.0,540,964.5
LUZ,2022-03-07,1.3,0.0,540,965.9
LUZ,2022-03-08,0.9,0.0,578,966.5
LUZ,2022-03-09,3.6,0.0,629,969.5
LUZ,2022-03-10,4.7,0.0,627,968.7
LUZ,2022-03-11,5.8,0.0,459,964
LUZ,2022-03-12,8.0,0.0,604,964.2
LUZ,2022-03-13,8.5,0.0,606,962.1
LUZ,2022-03-14,9.5,0.0,625,972.9
LUZ,2022-03-15,8.2,0.0,0,971.8
LUZ,2022-03-16,10.0,0.0,70,968.9
LUZ,2022-03-17,10.5,0.0,229,971.7
LUZ,2022-03-18,8.5,0.0,0,978
LUZ,2022-03-19,7.4,0.0,55,976.1
LUZ,2022-03-20,7.5,0.0,664,974.5
LUZ,2022-03-21,8.2,0.0,561,976.3
LUZ,2022-03-22,8.1,0.0,679,976.2
LUZ,2022-03-23,8.7,0.0,682,975.3
LUZ,2022-03-24,9.6,0.0,685,973.1
LUZ,2022-03-25,10.6,0.0,679,971.5
LUZ,2022-03-26,10.8,0.0,678,971.6
LUZ,2022-03-27,10.7,0.0,694,973
LUZ,2022-03-28,11.4,0.0,660,968.9
LUZ,2022-03-29,12.3,0.0,327,957.8
LUZ,2022-03-30,10.3,5.2,59,949.2
LUZ,2022-03-31,7.3,22.0,17,943.5
LUZ,2022-04-01,2.0,18.3,0,947
LUZ,2022-04-02,0.1,5.4,0,955.6
LUZ,2022-04-03,1.0,0.0,31,964.6
LUZ,2022-04-04,3.1,0.0,414,964.7
LUZ,2022-04-05,7.5,0.0,47,961
LUZ,2022-04-06,10.4,0.0,265,955.2
LUZ,2022-04-07,11.8,2.9,98,950.8
LUZ,2022-04-08,13.2,4.0,102,948.9
LUZ,2022-04-09,5.1,2.0,250,960.3
LUZ,2022-04-10,5.9,0.0,436,967
LUZ,2022-04-11,8.6,0.0,630,962.9
LUZ,2022-04-12,12.2,0.0,551,960.3
LUZ,2022-04-13,15.2,0.0,684,962.4
LUZ,2022-04-14,16.0,0.0,705,966
LUZ,2022-04-15,15.7,0.0,315,969.3
LUZ,2022-04-16,10.8,0.0,180,971.3
LUZ,2022-04-17,9.2,0.0,623,968.3
LUZ,2022-04-18,9.6,0.0,764,962.7
LUZ,2022-04-19,11.7,0.0,748,958.3
LUZ,2022-04-20,11.5,0.0,662,957
LUZ,2022-04-21,11.5,0.0,724,953
LUZ,2022-04-22,11.8,0.0,682,948.1
LUZ,2022-04-23,11.6,0.0,76,946.7
LUZ,2022-04-24,9.3,19.0,0,950.4
LUZ,2022-04-25,9.8,6.0,6,958
LUZ,2022-04-26,8.8,13.0,109,963.1
LUZ,2022-04-27,11.3,0.0,469,967.4
LUZ,2022-04-28,12.3,0.0,788,971.2
LUZ,2022-04-29,13.7,1.5,635,970.4
LUZ,2022-04-30,10.7,5.1,278,968.5
LUZ,2022-05-01,10.3,0.0,259,966.1
LUZ,2022-05-02,12.7,0.0,737,962
LUZ,2022-05-03,13.6,0.0,204,961.9
LUZ,2022-05-04,13.3,0.2,184,964
LUZ,2022-05-05,11.2,16.7,0,967.2
LUZ,2022-05-06,11.8,0.6,0,968.7
LUZ,2022-05-07,12.8,1.6,38,967.9
LUZ,2022-05-08,13.4,0.0,17,968
LUZ,2022-05-09,15.6,0.0,391,969.8
LUZ,2022-05-10,17.5,0.0,631,968.2
LUZ,2022-05-11,19.9,0.0,784,965.1
LUZ,2022-05-12,20.1,2.0,532,967
LUZ,2022-05-13,17.9,0.0,179,968.4
LUZ,2022-05-14,18.9,0.0,478,967
LUZ,2022-05-15,19.2,5.1,788,964.6
LUZ,2022-05-16,18.7,0.0,273,967.1
LUZ,2022-05-17,19.8,0.0,811,967.6
LUZ,2022-05-18,20.9,0.0,813,968
LUZ,2022-05-19,19.6,4.2,389,969.6
LUZ,2022-05-20,23.5,3.8,734,968.3
LUZ,2022-05-21,19.8,0.0,355,968.3
LUZ,2022-05-22,19.3,0.3,360,960.9
LUZ,2022-05-23,19.1,41.7,256,954.2
LUZ,2022-05-24,13.8,6.4,0,958.3
LUZ,2022-05-25,15.4,0.0,249,965.2
LUZ,2022-05-26,17.1,0.0,448,970.9
LUZ,2022-05-27,17.6,0.0,628,969.5
LUZ,2022-05-28,15.5,0.0,146,964.6
LUZ,2022-05-29,12.8,0.1,278,958
LUZ,2022-05-30,13.7,0.0,754,957.6
LUZ,2022-05-31,14.7,2.0,152,961.1
LUZ,2022-06-01,15.1,6.3,168,964
LUZ,2022-06-02,18.3,0.0,366,964.9
LUZ,2022-06-03,18.5,2.9,419,963.8
LUZ,2022-06-04,21.4,0.0,640,964.3
LUZ,2022-06-05,17.9,20.2,125,964.3
LUZ,2022-06-06,18.1,14.0,216,965.4
LUZ,2022-06-07,15.9,10.2,167,964
LUZ,2022-06-08,15.5,5.0,437,959.8
LUZ,2022-06-09,13.6,8.3,278,965.5
LUZ,2022-06-10,16.1,0.0,730,970.3
LUZ,2022-06-11,18.9,0.0,885,970.4
LUZ,2022-06-12,21.6,5.0,838,968.2
LUZ,2022-06-13,18.9,1.3,275,967.9
LUZ,2022-06-14,19.7,0.1,872,966.3
LUZ,2022-06-15,22.3,0.7,547,964.7
LUZ,2022-06-16,23.2,0.0,263,966.9
LUZ,2022-06-17,22.7,0.0,733,970.4
LUZ,2022-06-18,24.7,0.0,833,965.9
LUZ,2022-06-19,27.1,0.0,761,958.9
LUZ,2022-06-20,25.9,0.0,642,960.3
LUZ,2022-06-21,23.9,0.0,585,959.5
LUZ,2022-06-22,20.2,29.6,218,960
LUZ,2022-06-23,21.0,5.2,623,960.1
LUZ,2022-06-24,16.7,22.3,132,960.3
LUZ,2022-06-25,19.7,4.1,832,961.5
LUZ,2022-06-26,21.6,0.0,685,960.7
LUZ,2022-06-27,18.6,4.6,42,965.6
LUZ,2022-06-28,16.8,0.3,40,965.8
LUZ,2022-06-29,20.2,0.0,560,962
LUZ,2022-06-30,20.2,29.1,454,960.5
LUZ,2022-07-01,14.8,2.0,36,967.8
LUZ,2022-07-02,18.4,0.0,750,968
LUZ,2022-07-03,22.9,5.5,861,966.5
LUZ,2022-07-04,19.7,24.1,214,966.9
LUZ,2022-07-05,20.4,0.0,330,968.4
LUZ,2022-07-06,20.3,0.0,658,969.7
LUZ,2022-07-07,19.4,0.0,404,971.1
LUZ,2022-07-08,19.2,0.0,732,974.7
LUZ,2022-07-09,19.3,0.0,861,972.3
LUZ,2022-07-10,20.2,0.0,719,969.2
LUZ,2022-07-11,19.4,0.0,874,968.7
LUZ,2022-07-12,20.8,0.0,826,970.3
LUZ,2022-07-13,22.2,0.0,784,969.6
LUZ,2022-07-14,26.1,0.0,759,966.1
LUZ,2022-07-15,23.4,0.0,495,966.4
LUZ,2022-07-16,22.2,0.0,855,968.3
LUZ,2022-07-17,22.4,0.0,861,970.6
LUZ,2022-07-18,24.1,0.0,857,969.6
LUZ,2022-07-19,25.2,0.0,834,965.7
LUZ,2022-07-20,23.8,21.3,405,966.3
LUZ,2022-07-21,22.2,0.0,404,968.6
LUZ,2022-07-22,24.0,12.4,769,965.3
LUZ,2022-07-23,22.3,1.6,262,966.3
LUZ,2022-07-24,23.8,0.0,818,965.7
LUZ,2022-07-25,25.8,4.2,696,961.7
LUZ,2022-07-26,20.5,3.0,110,964.3
LUZ,2022-07-27,20.2,0.0,134,962.8
LUZ,2022-07-28,20.2,11.7,626,961.6
LUZ,2022-07-29,18.1,9.8,70,964.8
LUZ,2022-07-30,20.0,0.0,473,967.3
LUZ,2022-07-31,21.9,0.0,790,966.6
LUZ,2022-08-01,23.2,17.0,613,965.4
LUZ,2022-08-02,22.0,0.0,813,965.4
LUZ,2022-08-03,24.0,0.0,822,963.7
LUZ,2022-08-04,26.3,0.3,805,962.5
LUZ,2022-08-05,23.6,3.8,167,964.3
LUZ,2022-08-06,18.1,0.0,0,969.2
LUZ,2022-08-07,18.0,0.0,0,967.3
LUZ,2022-08-08,20.7,0.0,512,967.8
LUZ,2022-08-09,21.2,0.0,808,968.9
LUZ,2022-08-10,21.3,0.0,799,967.8
LUZ,2022-08-11,21.7,0.0,797,965.7
LUZ,2022-08-12,21.5,0.0,799,963.3
LUZ,2022-08-13,20.4,0.0,800,961.7
LUZ,2022-08-14,20.5,0.5,406,957.6
LUZ,2022-08-15,18.5,11.5,422,957.4
LUZ,2022-08-16,20.8,0.0,767,958.4
LUZ,2022-08-17,21.8,9.1,364,959.6
LUZ,2022-08-18,17.7,48.0,150,960.6
LUZ,2022-08-19,16.6,20.9,0,963.8
LUZ,2022-08-20,17.4,18.5,147,966.2
LUZ,2022-08-21,18.9,0.0,502,963.8
LUZ,2022-08-22,19.3,0.0,744,962.2
LUZ,2022-08-23,19.7,0.0,769,964.5
LUZ,2022-08-24,19.5,0.0,697,965
LUZ,2022-08-25,20.7,0.0,762,963
LUZ,2022-08-26,20.3,54.2,373,962
LUZ,2022-08-27,19.2,0.0,212,962
LUZ,2022-08-28,19.1,0.0,222,963.8
LUZ,2022-08-29,20.2,0.0,592,965.5
LUZ,2022-08-30,19.9,3.2,471,965.3
LUZ,2022-08-31,17.0,2.2,16,966
LUZ,2022-09-01,16.7,0.0,207,964.3
LUZ,2022-09-02,16.3,4.7,391,961.7
LUZ,2022-09-03,17.0,1.8,274,962.6
LUZ,2022-09-04,18.6,0.0,546,967
LUZ,2022-09-05,19.7,0.0,474,967.8
LUZ,2022-09-06,19.5,2.7,278,965.7
LUZ,2022-09-07,19.5,31.7,177,962.5
LUZ,2022-09-08,18.3,0.1,516,961.4
LUZ,2022-09-09,17.3,0.3,403,962.8
LUZ,2022-09-10,16.3,0.3,212,965.4
LUZ,2022-09-11,16.4,0.0,630,966.3
LUZ,2022-09-12,16.5,0.0,703,963.2
LUZ,2022-09-13,19.1,0.1,506,959.5
LUZ,2022-09-14,19.7,3.9,63,956.6
LUZ,2022-09-15,16.6,55.2,39,958
LUZ,2022-09-16,14.5,7.4,126,959.5
LUZ,2022-09-17,10.3,1.3,110,964.5
LUZ,2022-09-18,11.8,0.0,459,966.1
LUZ,2022-09-19,12.6,0.0,361,967.4
LUZ,2022-09-20,11.6,0.0,423,969.1
LUZ,2022-09-21,11.5,0.0,389,969.2
LUZ,2022-09-22,11.3,0.0,623,967.6
LUZ,2022-09-23,13.5,6.1,515,964.5
LUZ,2022-09-24,13.4,6.4,29,961
LUZ,2022-09-25,11.7,11.3,0,960.2
LUZ,2022-09-26,11.9,3.4,37,955.8
LUZ,2022-09-27,11.1,5.0,67,952.1
LUZ,2022-09-28,9.3,51.3,0,948.7
LUZ,2022-09-29,9.2,7.3,0,950.6
LUZ,2022-09-30,10.0,0.0,0,958.6
LUZ,2022-10-01,10.5,7.1,0,964.7
LUZ,2022-10-02,16.0,3.9,312,969.5
LUZ,2022-10-03,13.4,1.2,0,971.7
LUZ,2022-10-04,12.6,0.0,376,969.9
LUZ,2022-10-05,13.1,0.0,626,971.1
LUZ,2022-10-06,14.7,0.0,482,975.8
LUZ,2022-10-07,15.4,0.0,364,971
LUZ,2022-10-08,13.9,6.9,0,968.9
LUZ,2022-10-09,11.8,0.0,0,967.2
LUZ,2022-10-10,13.4,0.1,209,966.9
LUZ,2022-10-11,15.0,0.0,358,969.2
LUZ,2022-10-12,13.7,0.0,3,969.7
LUZ,2022-10-13,13.3,2.3,101,968.1
LUZ,2022-10-14,13.9,7.5,101,963.9
LUZ,2022-10-15,14.7,0.0,139,961.9
LUZ,2022-10-16,14.8,0.0,383,966.7
LUZ,2022-10-17,14.5,0.0,562,972.6
LUZ,2022-10-18,15.6,0.0,543,974.1
LUZ,2022-10-19,12.8,0.0,20,969.7
LUZ,2022-10-20,14.4,0.8,12,964.4
LUZ,2022-10-21,14.5,9.9,0,961.9
LUZ,2022-10-22,14.3,0.8,456,965
LUZ,2022-10-23,13.8,0.7,235,963.1
LUZ,2022-10-24,13.6,5.0,0,964.8
LUZ,2022-10-25,13.3,1.8,493,966.6
LUZ,2022-10-26,14.2,0.1,343,968.9
LUZ,2022-10-27,13.4,0.0,507,972.9
LUZ,2022-10-28,13.6,0.0,133,972.9
LUZ,2022-10-29,13.7,0.0,415,971.1
LUZ,2022-10-30,12.3,0.0,289,968.9
LUZ,2022-10-31,11.5,0.0,326,966.7
LUZ,2022-11-01,12.6,0.0,76,968.5
LUZ,2022-11-02,11.2,0.0,114,971
LUZ,2022-11-03,9.2,8.0,123,961.1
LUZ,2022-11-04,8.8,0.9,80,957
LUZ,2022-11-05,6.6,1.5,2,966.6
LUZ,2022-11-06,5.6,0.0,167,964.4
LUZ,2022-11-07,8.0,0.0,453,965.7
LUZ,2022-11-08,7.8,0.1,266,962.8
LUZ,2022-11-09,9.4,9.7,0,964.4
LUZ,2022-11-10,10.5,0.0,261,974.1
LUZ,2022-11-11,8.7,0.0,192,979.4
LUZ,2022-11-12,8.0,0.0,0,977.4
LUZ,2022-11-13,7.0,0.1,0,967.9
LUZ,2022-11-14,8.1,1.1,0,963.6
LUZ,2022-11-15,8.5,2.1,0,957.5
LUZ,2022-11-16,9.1,0.3,226,951.6
LUZ,2022-11-17,10.4,7.0,181,946.8
LUZ,2022-11-18,7.8,0.4,71,953.3
LUZ,2022-11-19,6.4,0.0,106,958.1
LUZ,2022-11-20,6.2,0.3,94,960.6
LUZ,2022-11-21,7.4,4.0,228,952
LUZ,2022-11-22,6.3,0.0,24,949.3
LUZ,2022-11-23,4.8,2.4,366,953.2
LUZ,2022-11-24,5.7,0.1,24,962.9
LUZ,2022-11-25,6.0,3.3,2,967.5
LUZ,2022-11-26,4.7,0.0,315,976.1
LUZ,2022-11-27,3.7,0.0,196,970.1
LUZ,2022-11-28,6.2,1.8,0,961.5
LUZ,2022-11-29,6.2,4.3,0,963.4
LUZ,2022-11-30,4.8,1.1,0,965.7
LUZ,2022-12-01,2.8,0.7,0,966.6
LUZ,2022-12-02,2.9,0.0,87,963.7
LUZ,2022-12-03,2.1,0.0,0,960.4
LUZ,2022-12-04,2.4,1.3,0,958.8
LUZ,2022-12-05,3.4,0.8,22,965.3
LUZ,2022-12-06,0.6,0.0,385,964.6
LUZ,2022-12-07,2.5,0.0,0,962.6
LUZ,2022-12-08,1.8,1.3,210,955.8
LUZ,2022-12-09,0.9,6.6,0,949.3
LUZ,2022-12-10,0.3,2.7,0,953.5
LUZ,2022-12-11,-2.8,0.0,65,956.3
LUZ,2022-12-12,-4.3,0.0,0,956.8
LUZ,2022-12-13,-4.2,2.6,0,952.6
LUZ,2022-12-14,0.1,0.6,82,948.1
LUZ,2022-12-15,1.8,4.5,0,949.3
LUZ,2022-12-16,-0.3,3.3,0,956.8
LUZ,2022-12-17,-1.8,0.0,0,969.3
LUZ,2022-12-18,-1.5,0.0,0,974.6
LUZ,2022-12-19,1.1,0.0,92,972.7
LUZ,2022-12-20,2.7,0.3,67,967.5
LUZ,2022-12-21,5.4,0.7,0,964.2
LUZ,2022-12-22,9.1,0.7,100,961.2
LUZ,2022-12-23,10.5,27.7,0,960
LUZ,2022-12-24,8.3,7.2,0,965.6
LUZ,2022-12-25,6.9,0.0,0,965.4
LUZ,2022-12-26,7.5,14.8,73,969.2
LUZ,2022-12-27,5.6,2.1,9,974.9
LUZ,2022-12-28,3.6,0.0,375,968.2
LUZ,2022-12-29,6.0,10.3,24,962.9
LUZ,2022-12-30,6.3,0.5,132,964.4
LUZ,2022-12-31,8.2,0.0,172,967.9
LUZ,2023-01-01,6.9,0.0,363,969.8
LUZ,2023-01-02,6.9,1.8,66,970.2
LUZ,2023-01-03,7.1,3.9,0,976.4
LUZ,2023-01-04,6.4,1.1,6,976.1
LUZ,2023-01-05,7.4,0.0,1,972.8
LUZ,2023-01-06,5.6,0.0,58,970.9
LUZ,2023-01-07,5.2,0.0,273,964.6
LUZ,2023-01-08,5.0,17.8,2,955.3
LUZ,2023-01-09,5.9,1.5,178,955.9
LUZ,2023-01-10,4.8,0.0,232,969.5
LUZ,2023-01-11,4.8,4.3,4,967.9
LUZ,2023-01-12,4.9,0.0,3,968.6
LUZ,2023-01-13,6.6,1.2,55,966.2
LUZ,2023-01-14,5.5,0.7,54,964.6
LUZ,2023-01-15,4.0,7.9,0,957.8
LUZ,2023-01-16,1.2,1.9,9,942.6
LUZ,2023-01-17,0.7,0.6,0,935.1
LUZ,2023-01-18,-0.1,5.0,0,944.2
LUZ,2023-01-19,-4.1,0.0,436,955.8
LUZ,2023-01-20,-5.4,0.0,74,963.1
LUZ,2023-01-21,-3.9,0.1,12,967.7
LUZ,2023-01-22,-1.2,0.0,6,970.3
LUZ,2023-01-23,-1.0,0.0,0,972.2
LUZ,2023-01-24,-0.7,0.0,99,976.4
LUZ,2023-01-25,0.6,0.0,0,973.3
LUZ,2023-01-26,-0.1,0.0,0,965.5
LUZ,2023-01-27,-0.2,0.0,0,964.6
LUZ,2023-01-28,0.2,0.0,0,968.8
LUZ,2023-01-29,-0.2,0.0,0,972.7
LUZ,2023-01-30,0.0,0.0,291,972.5
LUZ,2023-01-31,3.0,0.0,336,974.4
LUZ,2023-02-01,3.9,0.0,167,973.6
LUZ,2023-02-02,6.0,0.0,0,976.5
LUZ,2023-02-03,5.3,2.8,314,979.3
LUZ,2023-02-04,4.9,2.9,0,980.5
LUZ,2023-02-05,3.2,8.2,40,980.8
LUZ,2023-02-06,2.0,0.0,0,979.4
LUZ,2023-02-07,-0.2,0.0,503,979.2
LUZ,2023-02-08,-1.6,0.0,0,978.5
LUZ,2023-02-09,-1.1,0.0,517,979.1
LUZ,2023-02-10,-0.3,0.0,521,983.3
LUZ,2023-02-11,0.5,0.0,363,982.1
LUZ,2023-02-12,1.5,0.0,530,981.3
LUZ,2023-02-13,0.9,0.0,222,982.4
LUZ,2023-02-14,0.2,0.0,238,980.2
LUZ,2023-02-15,1.3,0.0,341,975.8
LUZ,2023-02-16,5.1,0.0,495,975.2
LUZ,2023-02-17,7.9,0.0,28,975.6
LUZ,2023-02-18,7.8,0.0,527,974
LUZ,2023-02-19,7.9,0.0,207,973.6
LUZ,2023-02-20,7.7,0.0,550,973.3
LUZ,2023-02-21,6.7,0.0,557,966.4
LUZ,2023-02-22,8.2,3.2,427,961.8
LUZ,2023-02-23,9.1,0.0,231,960.4
LUZ,2023-02-24,8.7,6.4,438,954.8
LUZ,2023-02-25,4.9,1.0,0,954.1
LUZ,2023-02-26,0.1,0.0,11,957.8
LUZ,2023-02-27,0.2,0.0,0,963.5
LUZ,2023-02-28,0.0,0.0,0,967.6
LUZ,2023-03-01,1.1,0.0,0,964.9
LUZ,2023-03-02,2.4,0.0,307,963.6
LUZ,2023-03-03,2.5,0.0,0,966.4
LUZ,2023-03-04,5.0,0.0,459,967.1
LUZ,2023-03-05,2.6,0.0,0,961.5
LUZ,2023-03-06,2.5,0.0,14,954.6
LUZ,2023-03-07,4.3,0.0,247,951.4
LUZ,2023-03-08,7.2,6.1,1,948.4
LUZ,2023-03-09,12.0,0.3,414,950.1
LUZ,2023-03-10,8.4,16.7,109,948.5
LUZ,2023-03-11,1.1,12.9,0,956.9
LUZ,2023-03-12,5.0,3.5,185,962.5
LUZ,2023-03-13,10.3,22.7,519,955.4
LUZ,2023-03-14,7.2,10.0,14,953.7
LUZ,2023-03-15,4.7,0.0,548,965.1
LUZ,2023-03-16,5.1,0.0,605,964.1
LUZ,2023-03-17,8.6,0.0,530,960.3
LUZ,2023-03-18,11.1,0.0,469,960.9
LUZ,2023-03-19,10.2,10.5,124,964.5
LUZ,2023-03-20,9.4,0.0,155,967.5
LUZ,2023-03-21,9.6,0.0,387,964.4
LUZ,2023-03-22,11.7,0.0,649,961.3
LUZ,2023-03-23,13.0,0.0,14,959.5
LUZ,2023-03-24,11.1,11.0,0,958.9
LUZ,2023-03-25,8.3,1.2,121,962.3
LUZ,2023-03-26,7.1,13.3,89,955.8
LUZ,2023-03-27,4.3,5.6,44,965.6
LUZ,2023-03-28,5.4,0.0,466,971.7
LUZ,2023-03-29,11.3,0.3,67,966.8
LUZ,2023-03-30,12.8,3.0,191,962.5
LUZ,2023-03-31,11.0,7.0,158,955.3
LUZ,2023-04-01,9.8,0.2,91,955.7
LUZ,2023-04-02,8.5,8.8,297,962.5
LUZ,2023-04-03,4.8,0.0,0,967.8
LUZ,2023-04-04,3.2,0.0,190,967.1
LUZ,2023-04-05,4.2,0.0,716,966
LUZ,2023-04-06,7.0,0.0,505,965.5
LUZ,2023-04-07,5.9,3.2,24,964
LUZ,2023-04-08,7.3,0.3,124,967.9
LUZ,2023-04-09,8.0,0.0,425,968.6
LUZ,2023-04-10,10.4,0.8,490,966.8
LUZ,2023-04-11,9.5,11.0,0,963.9
LUZ,2023-04-12,10.6,3.8,111,954.2
LUZ,2023-04-13,6.1,6.5,163,956.2
LUZ,2023-04-14,7.3,0.2,589,955.9
LUZ,2023-04-15,6.8,22.5,0,958
LUZ,2023-04-16,6.7,13.4,0,966.9
LUZ,2023-04-17,9.3,0.5,219,965.9
LUZ,2023-04-18,11.1,0.0,178,964.8
LUZ,2023-04-19,9.8,0.0,0,964.4
LUZ,2023-04-20,5.1,4.3,0,959.2
LUZ,2023-04-21,7.6,0.0,62,958.8
LUZ,2023-04-22,11.8,2.2,363,958.8
LUZ,2023-04-23,12.2,11.4,197,957.5
LUZ,2023-04-24,11.4,0.8,218,958.8
LUZ,2023-04-25,8.6,3.8,107,961
LUZ,2023-04-26,9.9,0.0,459,963.5
LUZ,2023-04-27,13.3,2.3,595,964
LUZ,2023-04-28,13.2,22.6,10,962.8
LUZ,2023-04-29,14.7,2.8,240,963
LUZ,2023-04-30,12.8,6.5,0,963.5
LUZ,2023-05-01,11.3,6.6,1,963.6
LUZ,2023-05-02,11.3,1.8,188,968.4
LUZ,2023-05-03,12.3,0.0,215,968.3
LUZ,2023-05-04,15.4,0.0,760,965.9
LUZ,2023-05-05,16.2,24.4,456,965.2
LUZ,2023-05-06,16.0,0.5,369,963.7
LUZ,2023-05-07,13.9,22.4,97,964.6
LUZ,2023-05-08,14.3,9.8,107,967.9
LUZ,2023-05-09,14.9,22.8,218,962.1
LUZ,2023-05-10,11.8,10.3,55,962.2
LUZ,2023-05-11,10.8,9.7,59,961.7
LUZ,2023-05-12,12.7,4.4,84,960.3
LUZ,2023-05-13,11.8,11.6,0,962.9
LUZ,2023-05-14,11.2,18.4,23,961.8
LUZ,2023-05-15,12.1,2.6,208,960.9
LUZ,2023-05-16,10.5,18.0,0,962
LUZ,2023-05-17,9.6,0.0,1,967.4
LUZ,2023-05-18,10.0,0.0,0,967
LUZ,2023-05-19,11.2,0.0,0,965.5
LUZ,2023-05-20,12.7,0.0,14,961.6
LUZ,2023-05-21,16.6,0.0,445,959.5
LUZ,2023-05-22,18.8,5.9,675,961.4
LUZ,2023-05-23,17.3,0.4,262,963.7
LUZ,2023-05-24,12.7,2.2,0,965.2
LUZ,2023-05-25,13.2,0.0,1,967.2
LUZ,2023-05-26,17.8,0.0,480,968.8
LUZ,2023-05-27,18.2,0.0,762,966.2
LUZ,2023-05-28,18.4,0.0,815,962.9
LUZ,2023-05-29,18.8,0.0,829,963
LUZ,2023-05-30,18.7,0.0,706,964.5
LUZ,2023-05-31,18.3,0.0,735,963.8
LUZ,2023-06-01,19.3,0.1,774,963.4
LUZ,2023-06-02,20.6,0.0,814,961.3
LUZ,2023-06-03,19.2,0.0,623,962
LUZ,2023-06-04,18.4,0.0,445,963.2
LUZ,2023-06-05,18.7,0.0,721,962.9
LUZ,2023-06-06,19.1,0.0,752,963.4
LUZ,2023-06-07,19.5,0.0,719,962.9
LUZ,2023-06-08,18.4,1.5,513,961.1
LUZ,2023-06-09,20.6,0.0,739,959
LUZ,2023-06-10,21.5,0.0,497,960.1
LUZ,2023-06-11,21.3,0.0,685,961.1
LUZ,2023-06-12,21.3,0.0,836,959.9
LUZ,2023-06-13,20.3,0.0,779,957.4
LUZ,2023-06-14,20.0,0.0,862,959.8
LUZ,2023-06-15,19.9,0.0,603,963.6
LUZ,2023-06-16,20.4,0.0,467,964.7
LUZ,2023-06-17,21.3,0.0,784,963.1
LUZ,2023-06-18,22.2,7.1,612,961.4
LUZ,2023-06-19,21.9,6.6,534,962.5
LUZ,2023-06-20,23.3,0.2,625,961.9
LUZ,2023-06-21,23.2,0.0,364,965.2
LUZ,2023-06-22,21.1,16.7,194,964.3
LUZ,2023-06-23,19.6,0.0,398,971.2
LUZ,2023-06-24,20.8,0.0,874,969.9
LUZ,2023-06-25,22.2,0.0,885,965.4
LUZ,2023-06-26,24.0,0.0,539,965.9
LUZ,2023-06-27,20.9,0.0,431,967.1
LUZ,2023-06-28,19.6,0.0,465,965.4
LUZ,2023-06-29,20.4,2.0,448,962.6
LUZ,2023-06-30,17.2,7.5,2,961.5
LUZ,2023-07-01,18.3,0.7,211,960.2
LUZ,2023-07-02,19.1,0.0,58,962.1
LUZ,2023-07-03,20.5,0.4,119,963.3
LUZ,2023-07-04,21.0,0.8,350,963
LUZ,2023-07-05,18.6,2.7,240,964.2
LUZ,2023-07-06,19.1,0.0,622,965.4
LUZ,2023-07-07,22.7,0.0,768,965.8
LUZ,2023-07-08,23.8,0.1,433,967.4
LUZ,2023-07-09,25.6,0.0,670,968
LUZ,2023-07-10,25.4,0.0,547,968.8
LUZ,2023-07-11,26.4,10.4,770,963.6
LUZ,2023-07-12,20.2,52.2,110,963.3
LUZ,2023-07-13,18.7,4.9,197,966.6
LUZ,2023-07-14,21.2,0.0,860,963.2
LUZ,2023-07-15,25.1,7.8,651,959.7
LUZ,2023-07-16,20.1,0.3,90,965.8
LUZ,2023-07-17,21.8,0.0,239,968.4
LUZ,2023-07-18,21.9,2.6,555,965.7
LUZ,2023-07-19,24.3,0.0,388,962.7
LUZ,2023-07-20,21.8,2.6,525,961.9
LUZ,2023-07-21,18.2,5.7,126,961.2
LUZ,2023-07-22,19.2,0.0,401,964.3
LUZ,2023-07-23,21.6,2.9,719,961.8
LUZ,2023-07-24,20.1,26.6,142,957.1
LUZ,2023-07-25,17.1,12.3,238,956.6
LUZ,2023-07-26,13.6,4.4,70,964.4
LUZ,2023-07-27,17.4,0.0,411,961.1
LUZ,2023-07-28,20.6,3.7,347,960.3
LUZ,2023-07-29,19.8,5.3,299,961.4
LUZ,2023-07-30,19.8,1.0,352,964.5
LUZ,2023-07-31,19.4,0.7,612,962.6
LUZ,2023-08-01,18.0,9.6,30,956.6
LUZ,2023-08-02,20.6,5.4,431,952.2
LUZ,2023-08-03,20.5,0.0,386,956.5
LUZ,2023-08-04,16.3,9.8,121,961.2
LUZ,2023-08-05,16.3,0.6,175,962
LUZ,2023-08-06,14.9,4.6,227,962.4
LUZ,2023-08-07,13.4,1.9,159,967.9
LUZ,2023-08-08,15.6,0.0,345,966.2
LUZ,2023-08-09,18.1,0.0,32,966.3
LUZ,2023-08-10,20.3,0.0,734,967.8
LUZ,2023-08-11,22.6,0.0,791,968.9
LUZ,2023-08-12,22.5,0.4,359,967.4
LUZ,2023-08-13,22.1,5.3,597,965.8
LUZ,2023-08-14,24.6,0.0,620,963.9
LUZ,2023-08-15,24.1,0.0,506,965.3
LUZ,2023-08-16,23.8,0.0,734,965.4
LUZ,2023-08-17,21.0,2.5,213,965.1
LUZ,2023-08-18,22.6,0.0,755,964
LUZ,2023-08-19,24.7,0.0,673,965.8
LUZ,2023-08-20,25.2,0.0,704,968.5
LUZ,2023-08-21,26.0,0.0,744,969
LUZ,2023-08-22,26.4,0.0,739,967.3
LUZ,2023-08-23,26.3,0.0,735,966.5
LUZ,2023-08-24,25.7,0.3,519,963.3
LUZ,2023-08-25,23.8,0.1,362,961.5
LUZ,2023-08-26,19.1,23.1,30,961.2
LUZ,2023-08-27,15.8,28.5,1,960.1
LUZ,2023-08-28,12.8,36.6,0,958.3
LUZ,2023-08-29,12.2,3.1,0,959.5
LUZ,2023-08-30,14.7,0.1,236,958.6
LUZ,2023-08-31,15.7,0.0,101,962.9
LUZ,2023-09-01,18.8,0.0,641,964.6
LUZ,2023-09-02,19.8,0.0,725,967.7
LUZ,2023-09-03,20.2,0.0,581,972.1
LUZ,2023-09-04,20.4,0.0,728,969.9
LUZ,2023-09-05,20.4,0.0,726,967.2
LUZ,2023-09-06,20.8,0.0,724,966.8
LUZ,2023-09-07,22.3,0.0,721,966.3
LUZ,2023-09-08,23.0,0.0,618,965.9
LUZ,2023-09-09,22.9,0.0,603,965.7
LUZ,2023-09-10,23.0,0.0,707,965.8
LUZ,2023-09-11,22.7,0.0,716,962.9
LUZ,2023-09-12,21.2,2.9,379,962
LUZ,2023-09-13,17.9,13.6,6,965.8
LUZ,2023-09-14,17.7,0.0,7,967.4
LUZ,2023-09-15,18.9,0.0,329,964.2
LUZ,2023-09-16,19.7,0.0,371,962.6
LUZ,2023-09-17,20.8,0.0,541,962.2
LUZ,2023-09-18,18.0,4.3,10,961.1
LUZ,2023-09-19,17.5,0.4,266,964.7
LUZ,2023-09-20,18.0,0.0,645,960.5
LUZ,2023-09-21,18.7,24.0,272,952.3
LUZ,2023-09-22,14.4,4.7,18,955.6
LUZ,2023-09-23,12.6,3.4,106,966.2
LUZ,2023-09-24,12.5,0.0,379,971.1
LUZ,2023-09-25,12.9,0.0,654,970.2
LUZ,2023-09-26,14.4,0.0,660,969.4
LUZ,2023-09-27,15.2,0.0,643,967.9
LUZ,2023-09-28,16.8,0.0,576,967.5
LUZ,2023-09-29,18.1,0.0,464,970
LUZ,2023-09-30,18.2,0.0,245,972.8
LUZ,2023-10-01,16.0,0.0,583,972.8
LUZ,2023-10-02,16.3,0.0,630,970.6
LUZ,2023-10-03,17.7,1.7,450,970.2
LUZ,2023-10-04,15.2,0.0,343,974.6
LUZ,2023-10-05,13.8,0.0,411,973.4
LUZ,2023-10-06,13.8,0.0,510,973.5
LUZ,2023-10-07,14.1,0.0,568,974.2
LUZ,2023-10-08,15.8,0.0,591,973.8
LUZ,2023-10-09,17.0,0.0,517,971.4
LUZ,2023-10-10,16.1,0.0,448,970
LUZ,2023-10-11,16.0,0.0,599,968.2
LUZ,2023-10-12,15.9,0.0,458,967.4
LUZ,2023-10-13,15.9,0.0,588,964.2
LUZ,2023-10-14,14.6,16.2,131,963.8
LUZ,2023-10-15,9.4,0.3,32,968.3
LUZ,2023-10-16,7.7,0.0,250,965.3
LUZ,2023-10-17,8.4,0.0,344,962.4
LUZ,2023-10-18,10.2,0.0,95,954.6
LUZ,2023-10-19,14.4,0.0,265,944
LUZ,2023-10-20,13.4,3.6,0,934.2
LUZ,2023-10-21,11.7,7.4,0,949.9
LUZ,2023-10-22,10.8,0.0,210,959.6
LUZ,2023-10-23,11.6,0.0,206,957.6
LUZ,2023-10-24,11.2,9.7,0,954.6
LUZ,2023-10-25,11.4,4.1,160,950.5
LUZ,2023-10-26,12.0,13.4,26,946.7
LUZ,2023-10-27,11.6,2.8,295,947.6
LUZ,2023-10-28,9.5,0.0,448,952.5
LUZ,2023-10-29,10.5,0.0,298,951.9
LUZ,2023-10-30,10.0,9.1,31,951.1
LUZ,2023-10-31,9.8,0.0,10,956.9
LUZ,2023-11-01,7.4,0.0,153,956
LUZ,2023-11-02,7.7,8.9,0,940.9
LUZ,2023-11-03,6.3,1.0,126,941.2
LUZ,2023-11-04,5.8,15.8,108,939.3
LUZ,2023-11-05,10.0,0.1,119,940.9
LUZ,2023-11-06,8.6,0.9,321,957.8
LUZ,2023-11-07,7.0,0.8,207,964.2
LUZ,2023-11-08,4.9,0.0,491,965.7
LUZ,2023-11-09,5.0,2.0,7,958.2
LUZ,2023-11-10,6.4,2.2,110,953.1
LUZ,2023-11-11,5.7,4.0,62,957.3
LUZ,2023-11-12,5.4,11.4,0,957
LUZ,2023-11-13,11.0,22.3,0,961
LUZ,2023-11-14,11.0,50.2,0,961.7
LUZ,2023-11-15,8.6,0.1,200,968.3
LUZ,2023-11-16,7.2,1.5,15,960.9
LUZ,2023-11-17,7.2,3.2,1,968.3
LUZ,2023-11-18,5.0,13.0,48,971.5
LUZ,2023-11-19,9.6,2.9,60,966
LUZ,2023-11-20,9.1,1.5,18,962.6
LUZ,2023-11-21,7.0,16.6,0,961.7
LUZ,2023-11-22,4.9,1.2,0,970.5
LUZ,2023-11-23,3.4,0.0,194,972.4
LUZ,2023-11-24,5.0,3.8,103,961
LUZ,2023-11-25,2.7,0.3,38,961.3
LUZ,2023-11-26,2.7,0.0,55,964.1
LUZ,2023-11-27,2.7,6.4,5,953.1
LUZ,2023-11-28,3.6,2.9,9,949.9
LUZ,2023-11-29,1.0,0.6,362,954.4
LUZ,2023-11-30,1.3,32.8,0,947.7
LUZ,2023-12-01,2.5,32.5,0,947.2
LUZ,2023-12-02,-0.6,6.3,0,956.8
LUZ,2023-12-03,-3.8,0.0,397,968.5
LUZ,2023-12-04,-2.3,0.0,11,959.4
LUZ,2023-12-05,1.8,0.1,87,957.5
LUZ,2023-12-06,2.9,0.6,14,963.3
LUZ,2023-12-07,0.4,0.0,0,964.5
LUZ,2023-12-08,2.9,5.9,0,960.2
LUZ,2023-12-09,5.1,16.5,56,959.3
LUZ,2023-12-10,7.6,0.5,0,962.4
LUZ,2023-12-11,7.6,39.1,0,958.9
LUZ,2023-12-12,8.8,10.0,0,956.4
LUZ,2023-12-13,6.8,11.9,48,950.9
LUZ,2023-12-14,5.9,1.2,0,964.8
LUZ,2023-12-15,4.1,0.0,56,981.6
LUZ,2023-12-16,0.9,0.0,0,986.6
LUZ,2023-12-17,1.4,0.0,0,985.5
LUZ,2023-12-18,0.2,0.0,55,982
LUZ,2023-12-19,1.8,3.9,308,973.4
LUZ,2023-12-20,4.0,2.8,3,968
LUZ,2023-12-21,6.8,2.2,0,959.8
LUZ,2023-12-22,8.7,0.0,0,960.4
LUZ,2023-12-23,8.3,0.0,90,966.1
LUZ,2023-12-24,4.2,1.7,165,966.9
LUZ,2023-12-25,5.8,0.0,325,965.1
LUZ,2023-12-26,2.9,0.0,202,967.9
LUZ,2023-12-27,2.0,0.0,362,968.5
LUZ,2023-12-28,2.8,0.0,0,968.4
LUZ,2023-12-29,6.3,0.0,14,966.3
LUZ,2023-12-30,4.9,0.0,381,964.9
LUZ,2023-12-31,3.0,2.9,50,957.6
