station/location,date,sunshine_min,daytemp_avg
LUZ,2021-01-01,0,1.7
LUZ,2021-01-02,0,1.5
LUZ,2021-01-03,0,0.5
LUZ,2021-01-04,0,0.1
LUZ,2021-01-05,0,-0.2
LUZ,2021-01-06,0,-0.3
LUZ,2021-01-07,284,0.3
LUZ,2021-01-08,280,-0.1
LUZ,2021-01-09,214,-2.4
LUZ,2021-01-10,76,-1.7
LUZ,2021-01-11,218,-2.7
LUZ,2021-01-12,0,-0.4
LUZ,2021-01-13,0,3.3
LUZ,2021-01-14,0,3.1
LUZ,2021-01-15,0,-1.0
LUZ,2021-01-16,0,-3.4
LUZ,2021-01-17,0,0.5
LUZ,2021-01-18,0,0.8
LUZ,2021-01-19,293,-1.4
LUZ,2021-01-20,106,-0.2
LUZ,2021-01-21,73,3.7
LUZ,2021-01-22,221,5.8
LUZ,2021-01-23,72,2.6
LUZ,2021-01-24,405,1.6
LUZ,2021-01-25,61,0.7
LUZ,2021-01-26,100,0.3
LUZ,2021-01-27,0,-0.8
LUZ,2021-01-28,3,5.8
LUZ,2021-01-29,116,8.2
LUZ,2021-01-30,0,5.3
LUZ,2021-01-31,17,5.7
LUZ,2021-02-01,0,5.8
LUZ,2021-02-02,0,6.8
LUZ,2021-02-03,7,8.5
LUZ,2021-02-04,68,6.1
LUZ,2021-02-05,288,6.1
LUZ,2021-02-06,0,5.1
LUZ,2021-02-07,0,4.3
LUZ,2021-02-08,338,2.9
LUZ,2021-02-09,0,0.7
LUZ,2021-02-10,0,0.3
LUZ,2021-02-11,0,-5.5
LUZ,2021-02-12,0,-6.0
LUZ,2021-02-13,0,-6.3
LUZ,2021-02-14,298,-5.6
LUZ,2021-02-15,47,-1.2
LUZ,2021-02-16,224,4.0
LUZ,2021-02-17,316,5.9
LUZ,2021-02-18,292,4.0
LUZ,2021-02-19,376,6.9
LUZ,2021-02-20,559,6.0
LUZ,2021-02-21,567,5.8
LUZ,2021-02-22,286,5.8
LUZ,2021-02-23,501,7.1
LUZ,2021-02-24,516,8.0
LUZ,2021-02-25,576,7.9
LUZ,2021-02-26,344,9.2
LUZ,2021-02-27,0,6.0
LUZ,2021-02-28,66,3.1
LUZ,2021-03-01,318,2.6
LUZ,2021-03-02,599,4.9
LUZ,2021-03-03,0,5.0
LUZ,2021-03-04,94,7.9
LUZ,2021-03-05,0,4.9
LUZ,2021-03-06,0,2.5
LUZ,2021-03-07,90,4.0
LUZ,2021-03-08,144,5.6
LUZ,2021-03-09,88,3.3
LUZ,2021-03-10,563,5.9
LUZ,2021-03-11,122,10.4
LUZ,2021-03-12,401,8.3
LUZ,2021-03-13,425,8.7
LUZ,2021-03-14,76,4.1
LUZ,2021-03-15,17,3.4
LUZ,2021-03-16,4,3.3
LUZ,2021-03-17,11,1.7
LUZ,2021-03-18,209,1.5
LUZ,2021-03-19,518,1.7
LUZ,2021-03-20,175,0.8
LUZ,2021-03-21,38,2.0
LUZ,2021-03-22,7,3.4
LUZ,2021-03-23,551,3.9
LUZ,2021-03-24,689,6.3
LUZ,2021-03-25,593,8.5
LUZ,2021-03-26,573,9.8
LUZ,2021-03-27,261,8.7
LUZ,2021-03-28,698,7.9
LUZ,2021-03-29,700,10.6
LUZ,2021-03-30,707,11.8
LUZ,2021-03-31,699,13.6
LUZ,2021-04-01,700,14.6
LUZ,2021-04-02,465,13.4
LUZ,2021-04-03,2,6.9
LUZ,2021-04-04,722,6.9
LUZ,2021-04-05,388,7.8
LUZ,2021-04-06,318,0.1
LUZ,2021-04-07,186,1.7
LUZ,2021-04-08,730,4.3
LUZ,2021-04-09,618,8.7
LUZ,2021-04-10,341,11.0
LUZ,2021-04-11,375,11.8
LUZ,2021-04-12,0,3.2
LUZ,2021-04-13,290,3.2
LUZ,2021-04-14,339,3.9
LUZ,2021-04-15,58,4.0
LUZ,2021-04-16,137,4.6
LUZ,2021-04-17,147,5.3
LUZ,2021-04-18,51,6.4
LUZ,2021-04-19,392,8.0
LUZ,2021-04-20,708,9.3
LUZ,2021-04-21,487,10.6
LUZ,2021-04-22,486,11.2
LUZ,2021-04-23,769,11.4
LUZ,2021-04-24,714,13.0
LUZ,2021-04-25,687,14.0
LUZ,2021-04-26,579,12.1
LUZ,2021-04-27,580,12.3
LUZ,2021-04-28,151,13.5
LUZ,2021-04-29,0,10.8
LUZ,2021-04-30,173,9.4
LUZ,2021-05-01,0,6.9
LUZ,2021-05-02,139,6.5
LUZ,2021-05-03,718,8.5
LUZ,2021-05-04,343,12.2
LUZ,2021-05-05,110,9.5
LUZ,2021-05-06,4,9.2
LUZ,2021-05-07,81,8.7
LUZ,2021-05-08,768,11.7
LUZ,2021-05-09,812,17.9
LUZ,2021-05-10,223,17.3
LUZ,2021-05-11,38,11.7
LUZ,2021-05-12,141,10.3
LUZ,2021-05-13,40,9.3
LUZ,2021-05-14,407,10.3
LUZ,2021-05-15,69,9.5
LUZ,2021-05-16,3,9.5
LUZ,2021-05-17,409,12.0
LUZ,2021-05-18,187,11.4
LUZ,2021-05-19,136,7.9
LUZ,2021-05-20,362,10.7
LUZ,2021-05-21,0,10.0
LUZ,2021-05-22,493,12.0
LUZ,2021-05-23,473,11.8
LUZ,2021-05-24,4,11.7
LUZ,2021-05-25,468,11.9
LUZ,2021-05-26,116,12.7
LUZ,2021-05-27,50,10.4
LUZ,2021-05-28,867,14.1
LUZ,2021-05-29,266,14.6
LUZ,2021-05-30,869,14.8
LUZ,2021-05-31,825,15.3
LUZ,2021-06-01,869,17.6
LUZ,2021-06-02,326,17.1
LUZ,2021-06-03,333,19.5
LUZ,2021-06-04,273,18.9
LUZ,2021-06-05,78,15.3
LUZ,2021-06-06,46,16.1
LUZ,2021-06-07,2,15.7
LUZ,2021-06-08,56,16.8
LUZ,2021-06-09,136,17.1
LUZ,2021-06-10,744,18.8
LUZ,2021-06-11,847,20.0
LUZ,2021-06-12,667,21.5
LUZ,2021-06-13,483,21.1
LUZ,2021-06-14,887,20.4
LUZ,2021-06-15,883,22.3
LUZ,2021-06-16,814,23.7
LUZ,2021-06-17,823,24.9
LUZ,2021-06-18,568,24.2
LUZ,2021-06-19,603,24.2
LUZ,2021-06-20,226,21.8
LUZ,2021-06-21,400,19.7
LUZ,2021-06-22,140,17.5
LUZ,2021-06-23,204,18.5
LUZ,2021-06-24,179,15.9
LUZ,2021-06-25,48,15.7
LUZ,2021-06-26,600,18.9
LUZ,2021-06-27,540,21.0
LUZ,2021-06-28,510,20.5
LUZ,2021-06-29,185,16.2
LUZ,2021-06-30,291,15.8
LUZ,2021-07-01,57,16.0
LUZ,2021-07-02,525,18.3
LUZ,2021-07-03,208,17.6
LUZ,2021-07-04,54,16.8
LUZ,2021-07-05,297,18.0
LUZ,2021-07-06,377,18.2
LUZ,2021-07-07,0,16.4
LUZ,2021-07-08,24,15.5
LUZ,2021-07-09,401,16.8
LUZ,2021-07-10,770,18.5
LUZ,2021-07-11,458,17.7
LUZ,2021-07-12,522,20.0
LUZ,2021-07-13,0,13.0
LUZ,2021-07-14,202,14.9
LUZ,2021-07-15,7,15.4
LUZ,2021-07-16,200,16.9
LUZ,2021-07-17,115,17.9
LUZ,2021-07-18,187,19.9
LUZ,2021-07-19,809,20.9
LUZ,2021-07-20,774,20.9
LUZ,2021-07-21,821,21.0
LUZ,2021-07-22,670,21.4
LUZ,2021-07-23,709,22.2
LUZ,2021-07-24,176,20.9
LUZ,2021-07-25,42,18.3
LUZ,2021-07-26,159,17.9
LUZ,2021-07-27,298,18.9
LUZ,2021-07-28,87,18.0
LUZ,2021-07-29,562,20.0
LUZ,2021-07-30,435,19.7
LUZ,2021-07-31,83,17.9
LUZ,2021-08-01,3,14.1
LUZ,2021-08-02,304,15.2
LUZ,2021-08-03,220,15.5
LUZ,2021-08-04,0,14.5
LUZ,2021-08-05,212,16.6
LUZ,2021-08-06,335,18.5
LUZ,2021-08-07,76,16.0
LUZ,2021-08-08,27,15.7
LUZ,2021-08-09,442,17.1
LUZ,2021-08-10,770,19.5
LUZ,2021-08-11,652,21.4
LUZ,2021-08-12,706,22.8
LUZ,2021-08-13,649,23.4
LUZ,2021-08-14,762,24.3
LUZ,2021-08-15,522,24.4
LUZ,2021-08-16,58,18.2
LUZ,2021-08-17,145,16.5
LUZ,2021-08-18,315,17.7
LUZ,2021-08-19,10,18.1
LUZ,2021-08-20,649,19.6
LUZ,2021-08-21,725,20.9
LUZ,2021-08-22,59,17.9
LUZ,2021-08-23,264,17.3
LUZ,2021-08-24,14,15.9
LUZ,2021-08-25,0,15.6
LUZ,2021-08-26,307,16.7
LUZ,2021-08-27,268,16.4
LUZ,2021-08-28,174,14.4
LUZ,2021-08-29,2,13.6
LUZ,2021-08-30,142,14.8
LUZ,2021-08-31,71,15.6
LUZ,2021-09-01,501,15.8
LUZ,2021-09-02,731,16.4
LUZ,2021-09-03,712,17.8
LUZ,2021-09-04,653,18.1
LUZ,2021-09-05,705,18.6
LUZ,2021-09-06,716,18.7
LUZ,2021-09-07,608,18.2
LUZ,2021-09-08,711,19.1
LUZ,2021-09-09,19,18.3
LUZ,2021-09-10,12,17.2
LUZ,2021-09-11,384,17.7
LUZ,2021-09-12,195,17.0
LUZ,2021-09-13,564,18.5
LUZ,2021-09-14,451,19.7
LUZ,2021-09-15,80,19.3
LUZ,2021-09-16,90,17.6
LUZ,2021-09-17,181,16.2
LUZ,2021-09-18,377,15.1
LUZ,2021-09-19,0,11.7
LUZ,2021-09-20,1,13.0
LUZ,2021-09-21,198,14.2
LUZ,2021-09-22,28,12.5
LUZ,2021-09-23,523,14.0
LUZ,2021-09-24,666,15.5
LUZ,2021-09-25,463,16.7
LUZ,2021-09-26,52,16.0
LUZ,2021-09-27,462,16.7
LUZ,2021-09-28,2,14.8
LUZ,2021-09-29,278,14.7
LUZ,2021-09-30,560,11.6
LUZ,2021-10-01,570,12.6
LUZ,2021-10-02,453,15.8
LUZ,2021-10-03,179,15.6
LUZ,2021-10-04,0,11.8
LUZ,2021-10-05,36,12.2
LUZ,2021-10-06,75,9.6
LUZ,2021-10-07,118,10.2
LUZ,2021-10-08,85,10.9
LUZ,2021-10-09,0,9.9
LUZ,2021-10-10,257,8.2
LUZ,2021-10-11,518,7.1
LUZ,2021-10-12,2,8.1
LUZ,2021-10-13,99,7.4
LUZ,2021-10-14,525,6.4
LUZ,2021-10-15,457,8.1
LUZ,2021-10-16,328,8.1
LUZ,2021-10-17,488,7.9
LUZ,2021-10-18,523,9.4
LUZ,2021-10-19,73,10.3
LUZ,2021-10-20,362,11.2
LUZ,2021-10-21,356,13.1
LUZ,2021-10-22,7,8.0
LUZ,2021-10-23,505,7.0
LUZ,2021-10-24,505,6.4
LUZ,2021-10-25,408,8.1
LUZ,2021-10-26,116,9.4
LUZ,2021-10-27,0,7.2
LUZ,2021-10-28,310,6.8
LUZ,2021-10-29,307,6.3
LUZ,2021-10-30,0,6.7
LUZ,2021-10-31,451,10.4
LUZ,2021-11-01,0,8.8
LUZ,2021-11-02,217,6.5
LUZ,2021-11-03,99,5.9
LUZ,2021-11-04,164,6.1
LUZ,2021-11-05,200,5.8
LUZ,2021-11-06,293,3.6
LUZ,2021-11-07,485,3.9
LUZ,2021-11-08,4,6.3
LUZ,2021-11-09,0,4.3
LUZ,2021-11-10,0,3.5
LUZ,2021-11-11,266,4.4
LUZ,2021-11-12,0,4.8
LUZ,2021-11-13,0,6.0
LUZ,2021-11-14,0,7.5
LUZ,2021-11-15,0,6.2
LUZ,2021-11-16,0,5.9
LUZ,2021-11-17,0,4.6
LUZ,2021-11-18,122,5.5
LUZ,2021-11-19,52,4.6
LUZ,2021-11-20,0,3.6
LUZ,2021-11-21,277,2.8
LUZ,2021-11-22,0,4.4
LUZ,2021-11-23,0,4.1
LUZ,2021-11-24,0,3.3
LUZ,2021-11-25,0,2.2
LUZ,2021-11-26,0,0.8
LUZ,2021-11-27,34,1.6
LUZ,2021-11-28,12,1.6
LUZ,2021-11-29,19,0.9
LUZ,2021-11-30,0,1.3
LUZ,2021-12-01,129,4.3
LUZ,2021-12-02,5,2.8
LUZ,2021-12-03,337,0.2
LUZ,2021-12-04,0,3.3
LUZ,2021-12-05,81,2.2
LUZ,2021-12-06,0,0.9
LUZ,2021-12-07,360,2.4
LUZ,2021-12-08,0,0.7
LUZ,2021-12-09,50,0.8
LUZ,2021-12-10,0,0.5
LUZ,2021-12-11,1,3.2
LUZ,2021-12-12,107,1.1
LUZ,2021-12-13,374,1.4
LUZ,2021-12-14,0,1.3
LUZ,2021-12-15,0,1.1
LUZ,2021-12-16,0,1.7
LUZ,2021-12-17,0,2.1
LUZ,2021-12-18,30,1.7
LUZ,2021-12-19,0,0.6
LUZ,2021-12-20,0,-0.2
LUZ,2021-12-21,0,0.0
LUZ,2021-12-22,0,-1.2
LUZ,2021-12-23,247,0.1
LUZ,2021-12-24,1,3.1
LUZ,2021-12-25,2,4.4
LUZ,2021-12-26,23,5.7
LUZ,2021-12-27,34,4.1
LUZ,2021-12-28,3,6.7
LUZ,2021-12-29,0,7.2
LUZ,2021-12-30,148,9.5
LUZ,2021-12-31,390,5.4
LUZ,2022-01-01,386,3.6
LUZ,2022-01-02,144,4.9
LUZ,2022-01-03,8,9.6
LUZ,2022-01-04,63,9.0
LUZ,2022-01-05,19,1.3
LUZ,2022-01-06,0,0.7
LUZ,2022-01-07,95,-0.2
LUZ,2022-01-08,10,2.7
LUZ,2022-01-09,68,3.3
LUZ,2022-01-10,4,1.6
LUZ,2022-01-11,225,1.5
LUZ,2022-01-12,180,-0.8
LUZ,2022-01-13,0,-2.4
LUZ,2022-01-14,318,-1.9
LUZ,2022-01-15,0,-1.3
LUZ,2022-01-16,32,-1.4
LUZ,2022-01-17,323,2.5
LUZ,2022-01-18,135,1.7
LUZ,2022-01-19,223,0.9
LUZ,2022-01-20,0,1.8
LUZ,2022-01-21,153,-0.1
LUZ,2022-01-22,143,-0.6
LUZ,2022-01-23,372,-0.7
LUZ,2022-01-24,0,0.7
LUZ,2022-01-25,175,-0.6
LUZ,2022-01-26,165,-1.4
LUZ,2022-01-27,313,-1.1
LUZ,2022-01-28,275,2.1
LUZ,2022-01-29,288,2.7
LUZ,2022-01-30,27,5.6
LUZ,2022-01-31,18,3.4
LUZ,2022-02-01,0,3.1
LUZ,2022-02-02,0,6.8
LUZ,2022-02-03,60,4.9
LUZ,2022-02-04,154,4.1
LUZ,2022-02-05,320,3.1
LUZ,2022-02-06,191,3.9
LUZ,2022-02-07,467,4.3
LUZ,2022-02-08,484,2.2
LUZ,2022-02-09,519,2.5
LUZ,2022-02-10,523,5.5
LUZ,2022-02-11,254,3.3
LUZ,2022-02-12,512,-0.1
LUZ,2022-02-13,538,2.2
LUZ,2022-02-14,146,4.2
LUZ,2022-02-15,14,3.8
LUZ,2022-02-16,0,3.6
LUZ,2022-02-17,213,13.0
LUZ,2022-02-18,150,9.4
LUZ,2022-02-19,137,5.7
LUZ,2022-02-20,330,7.0
LUZ,2022-02-21,119,6.8
LUZ,2022-02-22,153,7.1
LUZ,2022-02-23,317,7.3
LUZ,2022-02-24,295,7.0
LUZ,2022-02-25,217,3.4
LUZ,2022-02-26,171,2.6
LUZ,2022-02-27,432,0.7
LUZ,2022-02-28,589,1.8
LUZ,2022-03-01,568,1.9
LUZ,2022-03-02,445,4.1
LUZ,2022-03-03,598,5.7
LUZ,2022-03-04,607,3.7
LUZ,2022-03-05,612,1.8
LUZ,2022-03-06,540,1.1
LUZ,2022-03-07,540,1.3
LUZ,2022-03-08,578,0.9
LUZ,2022-03-09,629,3.6
LUZ,2022-03-10,627,4.7
LUZ,2022-03-11,459,5.8
LUZ,2022-03-12,604,8.0
LUZ,2022-03-13,606,8.5
LUZ,2022-03-14,625,9.5
LUZ,2022-03-15,0,8.2
LUZ,2022-03-16,70,10.0
LUZ,2022-03-17,229,10.5
LUZ,2022-03-18,0,8.5
LUZ,2022-03-19,55,7.4
LUZ,2022-03-20,664,7.5
LUZ,2022-03-21,561,8.2
LUZ,2022-03-22,679,8.1
LUZ,2022-03-23,682,8.7
LUZ,2022-03-24,685,9.6
LUZ,2022-03-25,679,10.6
LUZ,2022-03-26,678,10.8
LUZ,2022-03-27,694,10.7
LUZ,2022-03-28,660,11.4
LUZ,2022-03-29,327,12.3
LUZ,2022-03-30,59,10.3
LUZ,2022-03-31,17,7.3
LUZ,2022-04-01,0,2.0
LUZ,2022-04-02,0,0.1
LUZ,2022-04-03,31,1.0
LUZ,2022-04-04,414,3.1
LUZ,2022-04-05,47,7.5
LUZ,2022-04-06,265,10.4
LUZ,2022-04-07,98,11.8
LUZ,2022-04-08,102,13.2
LUZ,2022-04-09,250,5.1
LUZ,2022-04-10,436,5.9
LUZ,2022-04-11,630,8.6
LUZ,2022-04-12,551,12.2
LUZ,2022-04-13,684,15.2
LUZ,2022-04-14,705,16.0
LUZ,2022-04-15,315,15.7
LUZ,2022-04-16,180,10.8
LUZ,2022-04-17,623,9.2
LUZ,2022-04-18,764,9.6
LUZ,2022-04-19,748,11.7
LUZ,2022-04-20,662,11.5
LUZ,2022-04-21,724,11.5
LUZ,2022-04-22,682,11.8
LUZ,2022-04-23,76,11.6
LUZ,2022-04-24,0,9.3
LUZ,2022-04-25,6,9.8
LUZ,2022-04-26,109,8.8
LUZ,2022-04-27,469,11.3
LUZ,2022-04-28,788,12.3
LUZ,2022-04-29,635,13.7
LUZ,2022-04-30,278,10.7
LUZ,2022-05-01,259,10.3
LUZ,2022-05-02,737,12.7
LUZ,2022-05-03,204,13.6
LUZ,2022-05-04,184,13.3
LUZ,2022-05-05,0,11.2
LUZ,2022-05-06,0,11.8
LUZ,2022-05-07,38,12.8
LUZ,2022-05-08,17,13.4
LUZ,2022-05-09,391,15.6
LUZ,2022-05-10,631,17.5
LUZ,2022-05-11,784,19.9
LUZ,2022-05-12,532,20.1
LUZ,2022-05-13,179,17.9
LUZ,2022-05-14,478,18.9
LUZ,2022-05-15,788,19.2
LUZ,2022-05-16,273,18.7
LUZ,2022-05-17,811,19.8
LUZ,2022-05-18,813,20.9
LUZ,2022-05-19,389,19.6
LUZ,2022-05-20,734,23.5
LUZ,2022-05-21,355,19.8
LUZ,2022-05-22,360,19.3
LUZ,2022-05-23,256,19.1
LUZ,2022-05-24,0,13.8
LUZ,2022-05-25,249,15.4
LUZ,2022-05-26,448,17.1
LUZ,2022-05-27,628,17.6
LUZ,2022-05-28,146,15.5
LUZ,2022-05-29,278,12.8
LUZ,2022-05-30,754,13.7
LUZ,2022-05-31,152,14.7
LUZ,2022-06-01,168,15.1
LUZ,2022-06-02,366,18.3
LUZ,2022-06-03,419,18.5
LUZ,2022-06-04,640,21.4
LUZ,2022-06-05,125,17.9
LUZ,2022-06-06,216,18.1
LUZ,2022-06-07,167,15.9
LUZ,2022-06-08,437,15.5
LUZ,2022-06-09,278,13.6
LUZ,2022-06-10,730,16.1
LUZ,2022-06-11,885,18.9
LUZ,2022-06-12,838,21.6
LUZ,2022-06-13,275,18.9
LUZ,2022-06-14,872,19.7
LUZ,2022-06-15,547,22.3
LUZ,2022-06-16,263,23.2
LUZ,2022-06-17,733,22.7
LUZ,2022-06-18,833,24.7
LUZ,2022-06-19,761,27.1
LUZ,2022-06-20,642,25.9
LUZ,2022-06-21,585,23.9
LUZ,2022-06-22,218,20.2
LUZ,2022-06-23,623,21.0
LUZ,2022-06-24,132,16.7
LUZ,2022-06-25,832,19.7
LUZ,2022-06-26,685,21.6
LUZ,2022-06-27,42,18.6
LUZ,2022-06-28,40,16.8
LUZ,2022-06-29,560,20.2
LUZ,2022-06-30,454,20.2
LUZ,2022-07-01,36,14.8
LUZ,2022-07-02,750,18.4
LUZ,2022-07-03,861,22.9
LUZ,2022-07-04,214,19.7
LUZ,2022-07-05,330,20.4
LUZ,2022-07-06,658,20.3
LUZ,2022-07-07,404,19.4
LUZ,2022-07-08,732,19.2
LUZ,2022-07-09,861,19.3
LUZ,2022-07-10,719,20.2
LUZ,2022-07-11,874,19.4
LUZ,2022-07-12,826,20.8
LUZ,2022-07-13,784,22.2
LUZ,2022-07-14,759,26.1
LUZ,2022-07-15,495,23.4
LUZ,2022-07-16,855,22.2
LUZ,2022-07-17,861,22.4
LUZ,2022-07-18,857,24.1
LUZ,2022-07-19,834,25.2
LUZ,2022-07-20,405,23.8
LUZ,2022-07-21,404,22.2
LUZ,2022-07-22,769,24.0
LUZ,2022-07-23,262,22.3
LUZ,2022-07-24,818,23.8
LUZ,2022-07-25,696,25.8
LUZ,2022-07-26,110,20.5
LUZ,2022-07-27,134,20.2
LUZ,2022-07-28,626,20.2
LUZ,2022-07-29,70,18.1
LUZ,2022-07-30,473,20.0
LUZ,2022-07-31,790,21.9
LUZ,2022-08-01,613,23.2
LUZ,2022-08-02,813,22.0
LUZ,2022-08-03,822,24.0
LUZ,2022-08-04,805,26.3
LUZ,2022-08-05,167,23.6
LUZ,2022-08-06,0,18.1
LUZ,2022-08-07,0,18.0
LUZ,2022-08-08,512,20.7
LUZ,2022-08-09,808,21.2
LUZ,2022-08-10,799,21.3
LUZ,2022-08-11,797,21.7
LUZ,2022-08-12,799,21.5
LUZ,2022-08-13,800,20.4
LUZ,2022-08-14,406,20.5
LUZ,2022-08-15,422,18.5
LUZ,2022-08-16,767,20.8
LUZ,2022-08-17,364,21.8
LUZ,2022-08-18,150,17.7
LUZ,2022-08-19,0,16.6
LUZ,2022-08-20,147,17.4
LUZ,2022-08-21,502,18.9
LUZ,2022-08-22,744,19.3
LUZ,2022-08-23,769,19.7
LUZ,2022-08-24,697,19.5
LUZ,2022-08-25,762,20.7
LUZ,2022-08-26,373,20.3
LUZ,2022-08-27,212,19.2
LUZ,2022-08-28,222,19.1
LUZ,2022-08-29,592,20.2
LUZ,2022-08-30,471,19.9
LUZ,2022-08-31,16,17.0
LUZ,2022-09-01,207,16.7
LUZ,2022-09-02,391,16.3
LUZ,2022-09-03,274,17.0
LUZ,2022-09-04,546,18.6
LUZ,2022-09-05,474,19.7
LUZ,2022-09-06,278,19.5
LUZ,2022-09-07,177,19.5
LUZ,2022-09-08,516,18.3
LUZ,2022-09-09,403,17.3
LUZ,2022-09-10,212,16.3
LUZ,2022-09-11,630,16.4
LUZ,2022-09-12,703,16.5
LUZ,2022-09-13,506,19.1
LUZ,2022-09-14,63,19.7
LUZ,2022-09-15,39,16.6
LUZ,2022-09-16,126,14.5
LUZ,2022-09-17,110,10.3
LUZ,2022-09-18,459,11.8
LUZ,2022-09-19,361,12.6
LUZ,2022-09-20,423,11.6
LUZ,2022-09-21,389,11.5
LUZ,2022-09-22,623,11.3
LUZ,2022-09-23,515,13.5
LUZ,2022-09-24,29,13.4
LUZ,2022-09-25,0,11.7
LUZ,2022-09-26,37,11.9
LUZ,2022-09-27,67,11.1
LUZ,2022-09-28,0,9.3
LUZ,2022-09-29,0,9.2
LUZ,2022-09-30,0,10.0
LUZ,2022-10-01,0,10.5
LUZ,2022-10-02,312,16.0
LUZ,2022-10-03,0,13.4
LUZ,2022-10-04,376,12.6
LUZ,2022-10-05,626,13.1
LUZ,2022-10-06,482,14.7
LUZ,2022-10-07,364,15.4
LUZ,2022-10-08,0,13.9
LUZ,2022-10-09,0,11.8
LUZ,2022-10-10,209,13.4
LUZ,2022-10-11,358,15.0
LUZ,2022-10-12,3,13.7
LUZ,2022-10-13,101,13.3
LUZ,2022-10-14,101,13.9
LUZ,2022-10-15,139,14.7
LUZ,2022-10-16,383,14.8
LUZ,2022-10-17,562,14.5
LUZ,2022-10-18,543,15.6
LUZ,2022-10-19,20,12.8
LUZ,2022-10-20,12,14.4
LUZ,2022-10-21,0,14.5
LUZ,2022-10-22,456,14.3
LUZ,2022-10-23,235,13.8
LUZ,2022-10-24,0,13.6
LUZ,2022-10-25,493,13.3
LUZ,2022-10-26,343,14.2
LUZ,2022-10-27,507,13.4
LUZ,2022-10-28,133,13.6
LUZ,2022-10-29,415,13.7
LUZ,2022-10-30,289,12.3
LUZ,2022-10-31,326,11.5
LUZ,2022-11-01,76,12.6
LUZ,2022-11-02,114,11.2
LUZ,2022-11-03,123,9.2
LUZ,2022-11-04,80,8.8
LUZ,2022-11-05,2,6.6
LUZ,2022-11-06,167,5.6
LUZ,2022-11-07,453,8.0
LUZ,2022-11-08,266,7.8
LUZ,2022-11-09,0,9.4
LUZ,2022-11-10,261,10.5
LUZ,2022-11-11,192,8.7
LUZ,2022-11-12,0,8.0
LUZ,2022-11-13,0,7.0
LUZ,2022-11-14,0,8.1
LUZ,2022-11-15,0,8.5
LUZ,2022-11-16,226,9.1
LUZ,2022-11-17,181,10.4
LUZ,2022-11-18,71,7.8
LUZ,2022-11-19,106,6.4
LUZ,2022-11-20,94,6.2
LUZ,2022-11-21,228,7.4
LUZ,2022-11-22,24,6.3
LUZ,2022-11-23,366,4.8
LUZ,2022-11-24,24,5.7
LUZ,2022-11-25,2,6.0
LUZ,2022-11-26,315,4.7
LUZ,2022-11-27,196,3.7
LUZ,2022-11-28,0,6.2
LUZ,2022-11-29,0,6.2
LUZ,2022-11-30,0,4.8
LUZ,2022-12-01,0,2.8
LUZ,2022-12-02,87,2.9
LUZ,2022-12-03,0,2.1
LUZ,2022-12-04,0,2.4
LUZ,2022-12-05,22,3.4
LUZ,2022-12-06,385,0.6
LUZ,2022-12-07,0,2.5
LUZ,2022-12-08,210,1.8
LUZ,2022-12-09,0,0.9
LUZ,2022-12-10,0,0.3
LUZ,2022-12-11,65,-2.8
LUZ,2022-12-12,0,-4.3
LUZ,2022-12-13,0,-4.2
LUZ,2022-12-14,82,0.1
LUZ,2022-12-15,0,1.8
LUZ,2022-12-16,0,-0.3
LUZ,2022-12-17,0,-1.8
LUZ,2022-12-18,0,-1.5
LUZ,2022-12-19,92,1.1
LUZ,2022-12-20,67,2.7
LUZ,2022-12-21,0,5.4
LUZ,2022-12-22,100,9.1
LUZ,2022-12-23,0,10.5
LUZ,2022-12-24,0,8.3
LUZ,2022-12-25,0,6.9
LUZ,2022-12-26,73,7.5
LUZ,2022-12-27,9,5.6
LUZ,2022-12-28,375,3.6
LUZ,2022-12-29,24,6.0
LUZ,2022-12-30,132,6.3
LUZ,2022-12-31,172,8.2
LUZ,2023-01-01,363,6.9
LUZ,2023-01-02,66,6.9
LUZ,2023-01-03,0,7.1
LUZ,2023-01-04,6,6.4
LUZ,2023-01-05,1,7.4
LUZ,2023-01-06,58,5.6
LUZ,2023-01-07,273,5.2
LUZ,2023-01-08,2,5.0
LUZ,2023-01-09,178,5.9
LUZ,2023-01-10,232,4.8
LUZ,2023-01-11,4,4.8
LUZ,2023-01-12,3,4.9
LUZ,2023-01-13,55,6.6
LUZ,2023-01-14,54,5.5
LUZ,2023-01-15,0,4.0
LUZ,2023-01-16,9,1.2
LUZ,2023-01-17,0,0.7
LUZ,2023-01-18,0,-0.1
LUZ,2023-01-19,436,-4.1
LUZ,2023-01-20,74,-5.4
LUZ,2023-01-21,12,-3.9
LUZ,2023-01-22,6,-1.2
LUZ,2023-01-23,0,-1.0
LUZ,2023-01-24,99,-0.7
LUZ,2023-01-25,0,0.6
LUZ,2023-01-26,0,-0.1
LUZ,2023-01-27,0,-0.2
LUZ,2023-01-28,0,0.2
LUZ,2023-01-29,0,-0.2
LUZ,2023-01-30,291,0.0
LUZ,2023-01-31,336,3.0
LUZ,2023-02-01,167,3.9
LUZ,2023-02-02,0,6.0
LUZ,2023-02-03,314,5.3
LUZ,2023-02-04,0,4.9
LUZ,2023-02-05,40,3.2
LUZ,2023-02-06,0,2.0
LUZ,2023-02-07,503,-0.2
LUZ,2023-02-08,0,-1.6
LUZ,2023-02-09,517,-1.1
LUZ,2023-02-10,521,-0.3
LUZ,2023-02-11,363,0.5
LUZ,2023-02-12,530,1.5
LUZ,2023-02-13,222,0.9
LUZ,2023-02-14,238,0.2
LUZ,2023-02-15,341,1.3
LUZ,2023-02-16,495,5.1
LUZ,2023-02-17,28,7.9
LUZ,2023-02-18,527,7.8
LUZ,2023-02-19,207,7.9
LUZ,2023-02-20,550,7.7
LUZ,2023-02-21,557,6.7
LUZ,2023-02-22,427,8.2
LUZ,2023-02-23,231,9.1
LUZ,2023-02-24,438,8.7
LUZ,2023-02-25,0,4.9
LUZ,2023-02-26,11,0.1
LUZ,2023-02-27,0,0.2
LUZ,2023-02-28,0,0.0
LUZ,2023-03-01,0,1.1
LUZ,2023-03-02,307,2.4
LUZ,2023-03-03,0,2.5
LUZ,2023-03-04,459,5.0
LUZ,2023-03-05,0,2.6
LUZ,2023-03-06,14,2.5
LUZ,2023-03-07,247,4.3
LUZ,2023-03-08,1,7.2
LUZ,2023-03-09,414,12.0
LUZ,2023-03-10,109,8.4
LUZ,2023-03-11,0,1.1
LUZ,2023-03-12,185,5.0
LUZ,2023-03-13,519,10.3
LUZ,2023-03-14,14,7.2
LUZ,2023-03-15,548,4.7
LUZ,2023-03-16,605,5.1
LUZ,2023-03-17,530,8.6
LUZ,2023-03-18,469,11.1
LUZ,2023-03-19,124,10.2
LUZ,2023-03-20,155,9.4
LUZ,2023-03-21,387,9.6
LUZ,2023-03-22,649,11.7
LUZ,2023-03-23,14,13.0
LUZ,2023-03-24,0,11.1
LUZ,2023-03-25,121,8.3
LUZ,2023-03-26,89,7.1
LUZ,2023-03-27,44,4.3
LUZ,2023-03-28,466,5.4
LUZ,2023-03-29,67,11.3
LUZ,2023-03-30,191,12.8
LUZ,2023-03-31,158,11.0
LUZ,2023-04-01,91,9.8
LUZ,2023-04-02,297,8.5
LUZ,2023-04-03,0,4.8
LUZ,2023-04-04,190,3.2
LUZ,2023-04-05,716,4.2
LUZ,2023-04-06,505,7.0
LUZ,2023-04-07,24,5.9
LUZ,2023-04-08,124,7.3
LUZ,2023-04-09,425,8.0
LUZ,2023-04-10,490,10.4
LUZ,2023-04-11,0,9.5
LUZ,2023-04-12,111,10.6
LUZ,2023-04-13,163,6.1
LUZ,2023-04-14,589,7.3
LUZ,2023-04-15,0,6.8
LUZ,2023-04-16,0,6.7
LUZ,2023-04-17,219,9.3
LUZ,2023-04-18,178,11.1
LUZ,2023-04-19,0,9.8
LUZ,2023-04-20,0,5.1
LUZ,2023-04-21,62,7.6
LUZ,2023-04-22,363,11.8
LUZ,2023-04-23,197,12.2
LUZ,2023-04-24,218,11.4
LUZ,2023-04-25,107,8.6
LUZ,2023-04-26,459,9.9
LUZ,2023-04-27,595,13.3
LUZ,2023-04-28,10,13.2
LUZ,2023-04-29,240,14.7
LUZ,2023-04-30,0,12.8
LUZ,2023-05-01,1,11.3
LUZ,2023-05-02,188,11.3
LUZ,2023-05-03,215,12.3
LUZ,2023-05-04,760,15.4
LUZ,2023-05-05,456,16.2
LUZ,2023-05-06,369,16.0
LUZ,2023-05-07,97,13.9
LUZ,2023-05-08,107,14.3
LUZ,2023-05-09,218,14.9
LUZ,2023-05-10,55,11.8
LUZ,2023-05-11,59,10.8
LUZ,2023-05-12,84,12.7
LUZ,2023-05-13,0,11.8
LUZ,2023-05-14,23,11.2
LUZ,2023-05-15,208,12.1
LUZ,2023-05-16,0,10.5
LUZ,2023-05-17,1,9.6
LUZ,2023-05-18,0,10.0
LUZ,2023-05-19,0,11.2
LUZ,2023-05-20,14,12.7
LUZ,2023-05-21,445,16.6
LUZ,2023-05-22,675,18.8
LUZ,2023-05-23,262,17.3
LUZ,2023-05-24,0,12.7
LUZ,2023-05-25,1,13.2
LUZ,2023-05-26,480,17.8
LUZ,2023-05-27,762,18.2
LUZ,2023-05-28,815,18.4
LUZ,2023-05-29,829,18.8
LUZ,2023-05-30,706,18.7
LUZ,2023-05-31,735,18.3
LUZ,2023-06-01,774,19.3
LUZ,2023-06-02,814,20.6
LUZ,2023-06-03,623,19.2
LUZ,2023-06-04,445,18.4
LUZ,2023-06-05,721,18.7
LUZ,2023-06-06,752,19.1
LUZ,2023-06-07,719,19.5
LUZ,2023-06-08,513,18.4
LUZ,2023-06-09,739,20.6
LUZ,2023-06-10,497,21.5
LUZ,2023-06-11,685,21.3
LUZ,2023-06-12,836,21.3
LUZ,2023-06-13,779,20.3
LUZ,2023-06-14,862,20.0
LUZ,2023-06-15,603,19.9
LUZ,2023-06-16,467,20.4
LUZ,2023-06-17,784,21.3
LUZ,2023-06-18,612,22.2
LUZ,2023-06-19,534,21.9
LUZ,2023-06-20,625,23.3
LUZ,2023-06-21,364,23.2
LUZ,2023-06-22,194,21.1
LUZ,2023-06-23,398,19.6
LUZ,2023-06-24,874,20.8
LUZ,2023-06-25,885,22.2
LUZ,2023-06-26,539,24.0
LUZ,2023-06-27,431,20.9
LUZ,2023-06-28,465,19.6
LUZ,2023-06-29,448,20.4
LUZ,2023-06-30,2,17.2
LUZ,2023-07-01,211,18.3
LUZ,2023-07-02,58,19.1
LUZ,2023-07-03,119,20.5
LUZ,2023-07-04,350,21.0
LUZ,2023-07-05,240,18.6
LUZ,2023-07-06,622,19.1
LUZ,2023-07-07,768,22.7
LUZ,2023-07-08,433,23.8
LUZ,2023-07-09,670,25.6
LUZ,2023-07-10,547,25.4
LUZ,2023-07-11,770,26.4
LUZ,2023-07-12,110,20.2
LUZ,2023-07-13,197,18.7
LUZ,2023-07-14,860,21.2
LUZ,2023-07-15,651,25.1
LUZ,2023-07-16,90,20.1
LUZ,2023-07-17,239,21.8
LUZ,2023-07-18,555,21.9
LUZ,2023-07-19,388,24.3
LUZ,2023-07-20,525,21.8
LUZ,2023-07-21,126,18.2
LUZ,2023-07-22,401,19.2
LUZ,2023-07-23,719,21.6
LUZ,2023-07-24,142,20.1
LUZ,2023-07-25,238,17.1
LUZ,2023-07-26,70,13.6
LUZ,2023-07-27,411,17.4
LUZ,2023-07-28,347,20.6
LUZ,2023-07-29,299,19.8
LUZ,2023-07-30,352,19.8
LUZ,2023-07-31,612,19.4
LUZ,2023-08-01,30,18.0
LUZ,2023-08-02,431,20.6
LUZ,2023-08-03,386,20.5
LUZ,2023-08-04,121,16.3
LUZ,2023-08-05,175,16.3
LUZ,2023-08-06,227,14.9
LUZ,2023-08-07,159,13.4
LUZ,2023-08-08,345,15.6
LUZ,2023-08-09,32,18.1
LUZ,2023-08-10,734,20.3
LUZ,2023-08-11,791,22.6
LUZ,2023-08-12,359,22.5
LUZ,2023-08-13,597,22.1
LUZ,2023-08-14,620,24.6
LUZ,2023-08-15,506,24.1
LUZ,2023-08-16,734,23.8
LUZ,2023-08-17,213,21.0
LUZ,2023-08-18,755,22.6
LUZ,2023-08-19,673,24.7
LUZ,2023-08-20,704,25.2
LUZ,2023-08-21,744,26.0
LUZ,2023-08-22,739,26.4
LUZ,2023-08-23,735,26.3
LUZ,2023-08-24,519,25.7
LUZ,2023-08-25,362,23.8
LUZ,2023-08-26,30,19.1
LUZ,2023-08-27,1,15.8
LUZ,2023-08-28,0,12.8
LUZ,2023-08-29,0,12.2
LUZ,2023-08-30,236,14.7
LUZ,2023-08-31,101,15.7
LUZ,2023-09-01,641,18.8
LUZ,2023-09-02,725,19.8
LUZ,2023-09-03,581,20.2
LUZ,2023-09-04,728,20.4
LUZ,2023-09-05,726,20.4
LUZ,2023-09-06,724,20.8
LUZ,2023-09-07,721,22.3
LUZ,2023-09-08,618,23.0
LUZ,2023-09-09,603,22.9
LUZ,2023-09-10,707,23.0
LUZ,2023-09-11,716,22.7
LUZ,2023-09-12,379,21.2
LUZ,2023-09-13,6,17.9
LUZ,2023-09-14,7,17.7
LUZ,2023-09-15,329,18.9
LUZ,2023-09-16,371,19.7
LUZ,2023-09-17,541,20.8
LUZ,2023-09-18,10,18.0
LUZ,2023-09-19,266,17.5
LUZ,2023-09-20,645,18.0
LUZ,2023-09-21,272,18.7
LUZ,2023-09-22,18,14.4
LUZ,2023-09-23,106,12.6
LUZ,2023-09-24,379,12.5
LUZ,2023-09-25,654,12.9
LUZ,2023-09-26,660,14.4
LUZ,2023-09-27,643,15.2
LUZ,2023-09-28,576,16.8
LUZ,2023-09-29,464,18.1
LUZ,2023-09-30,245,18.2
LUZ,2023-10-01,583,16.0
LUZ,2023-10-02,630,16.3
LUZ,2023-10-03,450,17.7
LUZ,2023-10-04,343,15.2
LUZ,2023-10-05,411,13.8
LUZ,2023-10-06,510,13.8
LUZ,2023-10-07,568,14.1
LUZ,2023-10-08,591,15.8
LUZ,2023-10-09,517,17.0
LUZ,2023-10-10,448,16.1
LUZ,2023-10-11,599,16.0
LUZ,2023-10-12,458,15.9
LUZ,2023-10-13,588,15.9
LUZ,2023-10-14,131,14.6
LUZ,2023-10-15,32,9.4
LUZ,2023-10-16,250,7.7
LUZ,2023-10-17,344,8.4
LUZ,2023-10-18,95,10.2
LUZ,2023-10-19,265,14.4
LUZ,2023-10-20,0,13.4
LUZ,2023-10-21,0,11.7
LUZ,2023-10-22,210,10.8
LUZ,2023-10-23,206,11.6
LUZ,2023-10-24,0,11.2
LUZ,2023-10-25,160,11.4
LUZ,2023-10-26,26,12.0
LUZ,2023-10-27,295,11.6
LUZ,2023-10-28,448,9.5
LUZ,2023-10-29,298,10.5
LUZ,2023-10-30,31,10.0
LUZ,2023-10-31,10,9.8
LUZ,2023-11-01,153,7.4
LUZ,2023-11-02,0,7.7
LUZ,2023-11-03,126,6.3
LUZ,2023-11-04,108,5.8
LUZ,2023-11-05,119,10.0
LUZ,2023-11-06,321,8.6
LUZ,2023-11-07,207,7.0
LUZ,2023-11-08,491,4.9
LUZ,2023-11-09,7,5.0
LUZ,2023-11-10,110,6.4
LUZ,2023-11-11,62,5.7
LUZ,2023-11-12,0,5.4
LUZ,2023-11-13,0,11.0
LUZ,2023-11-14,0,11.0
LUZ,2023-11-15,200,8.6
LUZ,2023-11-16,15,7.2
LUZ,2023-11-17,1,7.2
LUZ,2023-11-18,48,5.0
LUZ,2023-11-19,60,9.6
LUZ,2023-11-20,18,9.1
LUZ,2023-11-21,0,7.0
LUZ,2023-11-22,0,4.9
LUZ,2023-11-23,194,3.4
LUZ,2023-11-24,103,5.0
LUZ,2023-11-25,38,2.7
LUZ,2023-11-26,55,2.7
LUZ,2023-11-27,5,2.7
LUZ,2023-11-28,9,3.6
LUZ,2023-11-29,362,1.0
LUZ,2023-11-30,0,1.3
LUZ,2023-12-01,0,2.5
LUZ,2023-12-02,0,-0.6
LUZ,2023-12-03,397,-3.8
LUZ,2023-12-04,11,-2.3
LUZ,2023-12-05,87,1.8
LUZ,2023-12-06,14,2.9
LUZ,2023-12-07,0,0.4
LUZ,2023-12-08,0,2.9
LUZ,2023-12-09,56,5.1
LUZ,2023-12-10,0,7.6
LUZ,2023-12-11,0,7.6
LUZ,2023-12-12,0,8.8
LUZ,2023-12-13,48,6.8
LUZ,2023-12-14,0,5.9
LUZ,2023-12-15,56,4.1
LUZ,2023-12-16,0,0.9
LUZ,2023-12-17,0,1.4
LUZ,2023-12-18,55,0.2
LUZ,2023-12-19,308,1.8
LUZ,2023-12-20,3,4.0
LUZ,2023-12-21,0,6.8
LUZ,2023-12-22,0,8.7
LUZ,2023-12-23,90,8.3
LUZ,2023-12-24,165,4.2
LUZ,2023-12-25,325,5.8
LUZ,2023-12-26,202,2.9
LUZ,2023-12-27,362,2.0
LUZ,2023-12-28,0,2.8
LUZ,2023-12-29,14,6.3
LUZ,2023-12-30,381,4.9
LUZ,2023-12-31,50,3.0
